context	ref	alt	methylation_level	mu	worst_csq	variant_count	singleton_count
AAA	A	C	0	1.8303e-09	3_prime_UTR_variant	1967	1196
AAA	A	C	0	1.8303e-09	5_prime_UTR_variant	922	565
AAA	A	C	0	1.8303e-09	downstream_gene_variant	48	29
AAA	A	C	0	1.8303e-09	incomplete_terminal_codon_variant	1	1
AAA	A	C	0	1.8303e-09	intergenic_variant	13	9
AAA	A	C	0	1.8303e-09	intron_variant	32396	19324
AAA	A	C	0	1.8303e-09	mature_miRNA_variant	15	9
AAA	A	C	0	1.8303e-09	missense_variant	32807	21122
AAA	A	C	0	1.8303e-09	non_coding_transcript_exon_variant	4063	2426
AAA	A	C	0	1.8303e-09	regulatory_region_variant	4	2
AAA	A	C	0	1.8303e-09	splice_acceptor_variant	3	3
AAA	A	C	0	1.8303e-09	splice_donor_variant	1	1
AAA	A	C	0	1.8303e-09	splice_region_variant	4806	3042
AAA	A	C	0	1.8303e-09	stop_lost	71	52
AAA	A	C	0	1.8303e-09	synonymous_variant	1838	1106
AAA	A	C	0	1.8303e-09	upstream_gene_variant	134	77
AAA	A	G	0	3.0288e-09	3_prime_UTR_variant	3832	2172
AAA	A	G	0	3.0288e-09	5_prime_UTR_variant	1880	1074
AAA	A	G	0	3.0288e-09	downstream_gene_variant	102	52
AAA	A	G	0	3.0288e-09	incomplete_terminal_codon_variant	4	3
AAA	A	G	0	3.0288e-09	intergenic_variant	30	17
AAA	A	G	0	3.0288e-09	intron_variant	55582	31717
AAA	A	G	0	3.0288e-09	mature_miRNA_variant	31	19
AAA	A	G	0	3.0288e-09	missense_variant	54480	31936
AAA	A	G	0	3.0288e-09	non_coding_transcript_exon_variant	7649	4401
AAA	A	G	0	3.0288e-09	regulatory_region_variant	7	3
AAA	A	G	0	3.0288e-09	splice_acceptor_variant	8	5
AAA	A	G	0	3.0288e-09	splice_donor_variant	1	1
AAA	A	G	0	3.0288e-09	splice_region_variant	9274	5494
AAA	A	G	0	3.0288e-09	stop_retained_variant	103	58
AAA	A	G	0	3.0288e-09	synonymous_variant	29868	16823
AAA	A	G	0	3.0288e-09	upstream_gene_variant	279	137
AAA	A	G	0	3.0288e-09	NA	5	2
AAA	A	T	0	1.0670e-09	3_prime_UTR_variant	1050	655
AAA	A	T	0	1.0670e-09	5_prime_UTR_variant	455	285
AAA	A	T	0	1.0670e-09	downstream_gene_variant	24	13
AAA	A	T	0	1.0670e-09	intergenic_variant	9	6
AAA	A	T	0	1.0670e-09	intron_variant	16521	10130
AAA	A	T	0	1.0670e-09	mature_miRNA_variant	6	4
AAA	A	T	0	1.0670e-09	missense_variant	15509	10078
AAA	A	T	0	1.0670e-09	non_coding_transcript_exon_variant	2106	1274
AAA	A	T	0	1.0670e-09	regulatory_region_variant	4	4
AAA	A	T	0	1.0670e-09	splice_acceptor_variant	1	1
AAA	A	T	0	1.0670e-09	splice_donor_variant	1	1
AAA	A	T	0	1.0670e-09	splice_region_variant	2316	1484
AAA	A	T	0	1.0670e-09	stop_gained	831	624
AAA	A	T	0	1.0670e-09	stop_lost	31	25
AAA	A	T	0	1.0670e-09	synonymous_variant	1625	1025
AAA	A	T	0	1.0670e-09	upstream_gene_variant	97	48
AAA	A	T	0	1.0670e-09	NA	1	0
AAC	A	C	0	1.3911e-09	3_prime_UTR_variant	884	498
AAC	A	C	0	1.3911e-09	5_prime_UTR_variant	514	282
AAC	A	C	0	1.3911e-09	downstream_gene_variant	26	13
AAC	A	C	0	1.3911e-09	incomplete_terminal_codon_variant	2	0
AAC	A	C	0	1.3911e-09	intergenic_variant	6	2
AAC	A	C	0	1.3911e-09	intron_variant	9769	5646
AAC	A	C	0	1.3911e-09	mature_miRNA_variant	5	2
AAC	A	C	0	1.3911e-09	missense_variant	18881	11854
AAC	A	C	0	1.3911e-09	non_coding_transcript_exon_variant	1689	948
AAC	A	C	0	1.3911e-09	regulatory_region_variant	1	1
AAC	A	C	0	1.3911e-09	splice_donor_variant	80	54
AAC	A	C	0	1.3911e-09	splice_region_variant	1326	832
AAC	A	C	0	1.3911e-09	stop_gained	1	1
AAC	A	C	0	1.3911e-09	stop_lost	31	24
AAC	A	C	0	1.3911e-09	synonymous_variant	658	405
AAC	A	C	0	1.3911e-09	upstream_gene_variant	82	43
AAC	A	C	0	1.3911e-09	NA	3	2
AAC	A	G	0	5.2457e-09	3_prime_UTR_variant	3031	1616
AAC	A	G	0	5.2457e-09	5_prime_UTR_variant	1732	911
AAC	A	G	0	5.2457e-09	downstream_gene_variant	84	49
AAC	A	G	0	5.2457e-09	incomplete_terminal_codon_variant	5	5
AAC	A	G	0	5.2457e-09	intergenic_variant	18	13
AAC	A	G	0	5.2457e-09	intron_variant	32611	17885
AAC	A	G	0	5.2457e-09	mature_miRNA_variant	35	22
AAC	A	G	0	5.2457e-09	missense_variant	63013	33711
AAC	A	G	0	5.2457e-09	non_coding_transcript_exon_variant	5752	3079
AAC	A	G	0	5.2457e-09	regulatory_region_variant	10	7
AAC	A	G	0	5.2457e-09	splice_acceptor_variant	3	3
AAC	A	G	0	5.2457e-09	splice_donor_variant	276	181
AAC	A	G	0	5.2457e-09	splice_region_variant	5685	3191
AAC	A	G	0	5.2457e-09	stop_retained_variant	100	57
AAC	A	G	0	5.2457e-09	synonymous_variant	30716	16143
AAC	A	G	0	5.2457e-09	upstream_gene_variant	273	135
AAC	A	G	0	5.2457e-09	NA	9	5
AAC	A	T	0	1.3560e-09	3_prime_UTR_variant	652	389
AAC	A	T	0	1.3560e-09	5_prime_UTR_variant	448	264
AAC	A	T	0	1.3560e-09	coding_sequence_variant	1	1
AAC	A	T	0	1.3560e-09	downstream_gene_variant	23	17
AAC	A	T	0	1.3560e-09	intergenic_variant	1	1
AAC	A	T	0	1.3560e-09	intron_variant	8294	4953
AAC	A	T	0	1.3560e-09	mature_miRNA_variant	7	5
AAC	A	T	0	1.3560e-09	missense_variant	16867	10786
AAC	A	T	0	1.3560e-09	non_coding_transcript_exon_variant	1400	837
AAC	A	T	0	1.3560e-09	regulatory_region_variant	3	1
AAC	A	T	0	1.3560e-09	splice_donor_variant	67	45
AAC	A	T	0	1.3560e-09	splice_region_variant	1285	788
AAC	A	T	0	1.3560e-09	stop_gained	199	138
AAC	A	T	0	1.3560e-09	stop_lost	36	16
AAC	A	T	0	1.3560e-09	synonymous_variant	592	360
AAC	A	T	0	1.3560e-09	upstream_gene_variant	71	38
AAG	A	C	0	1.4983e-09	3_prime_UTR_variant	1595	960
AAG	A	C	0	1.4983e-09	5_prime_UTR_variant	912	557
AAG	A	C	0	1.4983e-09	downstream_gene_variant	19	10
AAG	A	C	0	1.4983e-09	incomplete_terminal_codon_variant	5	1
AAG	A	C	0	1.4983e-09	intergenic_variant	12	8
AAG	A	C	0	1.4983e-09	intron_variant	18434	11208
AAG	A	C	0	1.4983e-09	mature_miRNA_variant	14	7
AAG	A	C	0	1.4983e-09	missense_variant	33189	21546
AAG	A	C	0	1.4983e-09	non_coding_transcript_exon_variant	3149	1901
AAG	A	C	0	1.4983e-09	regulatory_region_variant	2	1
AAG	A	C	0	1.4983e-09	splice_acceptor_variant	222	143
AAG	A	C	0	1.4983e-09	splice_donor_variant	1	1
AAG	A	C	0	1.4983e-09	splice_region_variant	3739	2338
AAG	A	C	0	1.4983e-09	stop_lost	67	45
AAG	A	C	0	1.4983e-09	synonymous_variant	6905	4226
AAG	A	C	0	1.4983e-09	upstream_gene_variant	109	53
AAG	A	C	0	1.4983e-09	NA	2	0
AAG	A	G	0	3.9291e-09	3_prime_UTR_variant	3782	2083
AAG	A	G	0	3.9291e-09	5_prime_UTR_variant	2158	1214
AAG	A	G	0	3.9291e-09	coding_sequence_variant	2	0
AAG	A	G	0	3.9291e-09	downstream_gene_variant	102	57
AAG	A	G	0	3.9291e-09	incomplete_terminal_codon_variant	12	8
AAG	A	G	0	3.9291e-09	intergenic_variant	26	18
AAG	A	G	0	3.9291e-09	intron_variant	40803	23493
AAG	A	G	0	3.9291e-09	mature_miRNA_variant	40	27
AAG	A	G	0	3.9291e-09	missense_variant	66186	39587
AAG	A	G	0	3.9291e-09	non_coding_transcript_exon_variant	7531	4287
AAG	A	G	0	3.9291e-09	regulatory_region_variant	1	1
AAG	A	G	0	3.9291e-09	splice_acceptor_variant	541	364
AAG	A	G	0	3.9291e-09	splice_donor_variant	3	3
AAG	A	G	0	3.9291e-09	splice_region_variant	10426	6267
AAG	A	G	0	3.9291e-09	start_lost	2	2
AAG	A	G	0	3.9291e-09	stop_retained_variant	99	54
AAG	A	G	0	3.9291e-09	synonymous_variant	46268	26348
AAG	A	G	0	3.9291e-09	upstream_gene_variant	290	145
AAG	A	G	0	3.9291e-09	NA	9	5
AAG	A	T	0	9.4450e-10	3_prime_UTR_variant	818	498
AAG	A	T	0	9.4450e-10	5_prime_UTR_variant	434	262
AAG	A	T	0	9.4450e-10	downstream_gene_variant	27	16
AAG	A	T	0	9.4450e-10	incomplete_terminal_codon_variant	1	1
AAG	A	T	0	9.4450e-10	intergenic_variant	6	2
AAG	A	T	0	9.4450e-10	intron_variant	10030	6102
AAG	A	T	0	9.4450e-10	mature_miRNA_variant	11	9
AAG	A	T	0	9.4450e-10	missense_variant	18639	11999
AAG	A	T	0	9.4450e-10	non_coding_transcript_exon_variant	1631	1005
AAG	A	T	0	9.4450e-10	splice_acceptor_variant	121	88
AAG	A	T	0	9.4450e-10	splice_region_variant	2018	1293
AAG	A	T	0	9.4450e-10	stop_gained	324	221
AAG	A	T	0	9.4450e-10	stop_lost	34	22
AAG	A	T	0	9.4450e-10	synonymous_variant	2632	1616
AAG	A	T	0	9.4450e-10	upstream_gene_variant	87	46
AAT	A	C	0	1.2703e-09	3_prime_UTR_variant	1013	630
AAT	A	C	0	1.2703e-09	5_prime_UTR_variant	376	228
AAT	A	C	0	1.2703e-09	coding_sequence_variant	1	0
AAT	A	C	0	1.2703e-09	downstream_gene_variant	21	11
AAT	A	C	0	1.2703e-09	intergenic_variant	3	3
AAT	A	C	0	1.2703e-09	intron_variant	13737	8387
AAT	A	C	0	1.2703e-09	mature_miRNA_variant	6	3
AAT	A	C	0	1.2703e-09	missense_variant	19168	12351
AAT	A	C	0	1.2703e-09	non_coding_transcript_exon_variant	1874	1170
AAT	A	C	0	1.2703e-09	regulatory_region_variant	1	1
AAT	A	C	0	1.2703e-09	splice_acceptor_variant	5	3
AAT	A	C	0	1.2703e-09	splice_donor_variant	2	1
AAT	A	C	0	1.2703e-09	splice_region_variant	1445	889
AAT	A	C	0	1.2703e-09	start_lost	91	66
AAT	A	C	0	1.2703e-09	stop_gained	375	257
AAT	A	C	0	1.2703e-09	stop_lost	46	28
AAT	A	C	0	1.2703e-09	upstream_gene_variant	63	31
AAT	A	C	0	1.2703e-09	NA	3	0
AAT	A	G	0	7.7544e-09	3_prime_UTR_variant	5794	2733
AAT	A	G	0	7.7544e-09	5_prime_UTR_variant	1867	924
AAT	A	G	0	7.7544e-09	coding_sequence_variant	1	0
AAT	A	G	0	7.7544e-09	downstream_gene_variant	104	41
AAT	A	G	0	7.7544e-09	incomplete_terminal_codon_variant	10	6
AAT	A	G	0	7.7544e-09	intergenic_variant	33	21
AAT	A	G	0	7.7544e-09	intron_variant	73424	36408
AAT	A	G	0	7.7544e-09	mature_miRNA_variant	33	12
AAT	A	G	0	7.7544e-09	missense_variant	104952	48278
AAT	A	G	0	7.7544e-09	non_coding_transcript_exon_variant	10561	4989
AAT	A	G	0	7.7544e-09	regulatory_region_variant	13	4
AAT	A	G	0	7.7544e-09	splice_acceptor_variant	8	3
AAT	A	G	0	7.7544e-09	splice_donor_variant	6	5
AAT	A	G	0	7.7544e-09	splice_region_variant	8632	4630
AAT	A	G	0	7.7544e-09	start_lost	885	407
AAT	A	G	0	7.7544e-09	stop_retained_variant	185	114
AAT	A	G	0	7.7544e-09	synonymous_variant	40366	19712
AAT	A	G	0	7.7544e-09	upstream_gene_variant	271	127
AAT	A	G	0	7.7544e-09	NA	13	5
AAT	A	T	0	1.5138e-09	3_prime_UTR_variant	902	512
AAT	A	T	0	1.5138e-09	5_prime_UTR_variant	317	193
AAT	A	T	0	1.5138e-09	downstream_gene_variant	23	14
AAT	A	T	0	1.5138e-09	incomplete_terminal_codon_variant	2	1
AAT	A	T	0	1.5138e-09	intergenic_variant	8	5
AAT	A	T	0	1.5138e-09	intron_variant	13731	7917
AAT	A	T	0	1.5138e-09	mature_miRNA_variant	4	3
AAT	A	T	0	1.5138e-09	missense_variant	17803	11489
AAT	A	T	0	1.5138e-09	non_coding_transcript_exon_variant	1695	975
AAT	A	T	0	1.5138e-09	regulatory_region_variant	5	4
AAT	A	T	0	1.5138e-09	splice_acceptor_variant	1	0
AAT	A	T	0	1.5138e-09	splice_region_variant	1519	936
AAT	A	T	0	1.5138e-09	start_lost	103	75
AAT	A	T	0	1.5138e-09	stop_gained	256	184
AAT	A	T	0	1.5138e-09	stop_lost	40	16
AAT	A	T	0	1.5138e-09	upstream_gene_variant	73	46
AAT	A	T	0	1.5138e-09	NA	1	0
ACA	C	A	0	2.9409e-09	3_prime_UTR_variant	2016	1151
ACA	C	A	0	2.9409e-09	5_prime_UTR_variant	1000	554
ACA	C	A	0	2.9409e-09	coding_sequence_variant	1	1
ACA	C	A	0	2.9409e-09	downstream_gene_variant	100	53
ACA	C	A	0	2.9409e-09	intergenic_variant	14	5
ACA	C	A	0	2.9409e-09	intron_variant	26911	14806
ACA	C	A	0	2.9409e-09	mature_miRNA_variant	22	14
ACA	C	A	0	2.9409e-09	missense_variant	39967	24940
ACA	C	A	0	2.9409e-09	non_coding_transcript_exon_variant	4205	2375
ACA	C	A	0	2.9409e-09	non_coding_transcript_variant	1	1
ACA	C	A	0	2.9409e-09	regulatory_region_variant	6	3
ACA	C	A	0	2.9409e-09	splice_acceptor_variant	3	0
ACA	C	A	0	2.9409e-09	splice_donor_variant	515	347
ACA	C	A	0	2.9409e-09	splice_region_variant	4234	2443
ACA	C	A	0	2.9409e-09	start_lost	109	79
ACA	C	A	0	2.9409e-09	stop_gained	1527	1025
ACA	C	A	0	2.9409e-09	synonymous_variant	4571	2744
ACA	C	A	0	2.9409e-09	upstream_gene_variant	185	103
ACA	C	A	0	2.9409e-09	NA	3	3
ACA	C	G	0	2.3710e-09	3_prime_UTR_variant	2109	1263
ACA	C	G	0	2.3710e-09	5_prime_UTR_variant	1125	655
ACA	C	G	0	2.3710e-09	coding_sequence_variant	1	0
ACA	C	G	0	2.3710e-09	downstream_gene_variant	84	46
ACA	C	G	0	2.3710e-09	incomplete_terminal_codon_variant	1	0
ACA	C	G	0	2.3710e-09	intergenic_variant	22	9
ACA	C	G	0	2.3710e-09	intron_variant	25157	14737
ACA	C	G	0	2.3710e-09	mature_miRNA_variant	24	16
ACA	C	G	0	2.3710e-09	missense_variant	44474	27714
ACA	C	G	0	2.3710e-09	non_coding_transcript_exon_variant	4527	2684
ACA	C	G	0	2.3710e-09	non_coding_transcript_variant	1	0
ACA	C	G	0	2.3710e-09	regulatory_region_variant	4	3
ACA	C	G	0	2.3710e-09	splice_acceptor_variant	11	6
ACA	C	G	0	2.3710e-09	splice_donor_variant	445	296
ACA	C	G	0	2.3710e-09	splice_region_variant	3698	2253
ACA	C	G	0	2.3710e-09	start_lost	68	45
ACA	C	G	0	2.3710e-09	stop_gained	1381	971
ACA	C	G	0	2.3710e-09	synonymous_variant	5894	3482
ACA	C	G	0	2.3710e-09	upstream_gene_variant	220	116
ACA	C	G	0	2.3710e-09	NA	4	1
ACA	C	T	0	9.3201e-09	3_prime_UTR_variant	7351	3881
ACA	C	T	0	9.3201e-09	5_prime_UTR_variant	3085	1587
ACA	C	T	0	9.3201e-09	coding_sequence_variant	3	3
ACA	C	T	0	9.3201e-09	downstream_gene_variant	273	141
ACA	C	T	0	9.3201e-09	incomplete_terminal_codon_variant	2	0
ACA	C	T	0	9.3201e-09	intergenic_variant	54	26
ACA	C	T	0	9.3201e-09	intron_variant	86140	46112
ACA	C	T	0	9.3201e-09	mature_miRNA_variant	64	44
ACA	C	T	0	9.3201e-09	missense_variant	99874	57035
ACA	C	T	0	9.3201e-09	non_coding_transcript_exon_variant	14448	7650
ACA	C	T	0	9.3201e-09	regulatory_region_variant	14	8
ACA	C	T	0	9.3201e-09	splice_acceptor_variant	20	14
ACA	C	T	0	9.3201e-09	splice_donor_variant	1391	885
ACA	C	T	0	9.3201e-09	splice_region_variant	17922	9596
ACA	C	T	0	9.3201e-09	start_lost	489	277
ACA	C	T	0	9.3201e-09	stop_gained	7995	5281
ACA	C	T	0	9.3201e-09	synonymous_variant	72093	38874
ACA	C	T	0	9.3201e-09	upstream_gene_variant	523	240
ACA	C	T	0	9.3201e-09	NA	10	7
ACC	C	A	0	5.7034e-09	3_prime_UTR_variant	2815	1545
ACC	C	A	0	5.7034e-09	5_prime_UTR_variant	1650	912
ACC	C	A	0	5.7034e-09	downstream_gene_variant	96	48
ACC	C	A	0	5.7034e-09	incomplete_terminal_codon_variant	4	2
ACC	C	A	0	5.7034e-09	intergenic_variant	16	11
ACC	C	A	0	5.7034e-09	intron_variant	29576	15986
ACC	C	A	0	5.7034e-09	mature_miRNA_variant	32	21
ACC	C	A	0	5.7034e-09	missense_variant	68146	40528
ACC	C	A	0	5.7034e-09	non_coding_transcript_exon_variant	6167	3424
ACC	C	A	0	5.7034e-09	regulatory_region_variant	4	0
ACC	C	A	0	5.7034e-09	splice_acceptor_variant	4	4
ACC	C	A	0	5.7034e-09	splice_donor_variant	6774	4532
ACC	C	A	0	5.7034e-09	splice_region_variant	3495	2029
ACC	C	A	0	5.7034e-09	start_lost	4	3
ACC	C	A	0	5.7034e-09	stop_gained	1709	1140
ACC	C	A	0	5.7034e-09	synonymous_variant	3046	1704
ACC	C	A	0	5.7034e-09	upstream_gene_variant	217	106
ACC	C	A	0	5.7034e-09	NA	9	8
ACC	C	G	0	2.4639e-09	3_prime_UTR_variant	1608	942
ACC	C	G	0	2.4639e-09	5_prime_UTR_variant	1140	685
ACC	C	G	0	2.4639e-09	downstream_gene_variant	41	22
ACC	C	G	0	2.4639e-09	incomplete_terminal_codon_variant	2	1
ACC	C	G	0	2.4639e-09	intergenic_variant	8	5
ACC	C	G	0	2.4639e-09	intron_variant	15067	9012
ACC	C	G	0	2.4639e-09	mature_miRNA_variant	9	7
ACC	C	G	0	2.4639e-09	missense_variant	42849	26745
ACC	C	G	0	2.4639e-09	non_coding_transcript_exon_variant	3364	2013
ACC	C	G	0	2.4639e-09	regulatory_region_variant	6	4
ACC	C	G	0	2.4639e-09	splice_acceptor_variant	7	5
ACC	C	G	0	2.4639e-09	splice_donor_variant	3604	2522
ACC	C	G	0	2.4639e-09	splice_region_variant	1809	1136
ACC	C	G	0	2.4639e-09	start_lost	3	2
ACC	C	G	0	2.4639e-09	stop_gained	1215	869
ACC	C	G	0	2.4639e-09	synonymous_variant	1459	888
ACC	C	G	0	2.4639e-09	upstream_gene_variant	159	80
ACC	C	G	0	2.4639e-09	NA	5	2
ACC	C	T	0	9.9720e-09	3_prime_UTR_variant	5691	2995
ACC	C	T	0	9.9720e-09	5_prime_UTR_variant	3356	1693
ACC	C	T	0	9.9720e-09	downstream_gene_variant	137	68
ACC	C	T	0	9.9720e-09	incomplete_terminal_codon_variant	5	3
ACC	C	T	0	9.9720e-09	intergenic_variant	24	13
ACC	C	T	0	9.9720e-09	intron_variant	55699	29016
ACC	C	T	0	9.9720e-09	mature_miRNA_variant	72	46
ACC	C	T	0	9.9720e-09	missense_variant	105043	59512
ACC	C	T	0	9.9720e-09	non_coding_transcript_exon_variant	12093	6238
ACC	C	T	0	9.9720e-09	regulatory_region_variant	10	9
ACC	C	T	0	9.9720e-09	splice_acceptor_variant	7	5
ACC	C	T	0	9.9720e-09	splice_donor_variant	14220	9210
ACC	C	T	0	9.9720e-09	splice_region_variant	8461	4532
ACC	C	T	0	9.9720e-09	start_lost	4	3
ACC	C	T	0	9.9720e-09	stop_gained	2144	1365
ACC	C	T	0	9.9720e-09	synonymous_variant	51028	26933
ACC	C	T	0	9.9720e-09	upstream_gene_variant	401	195
ACC	C	T	0	9.9720e-09	NA	17	9
ACG	C	A	0	6.6879e-09	3_prime_UTR_variant	1063	578
ACG	C	A	0	6.6879e-09	5_prime_UTR_variant	1002	519
ACG	C	A	0	6.6879e-09	downstream_gene_variant	15	9
ACG	C	A	0	6.6879e-09	incomplete_terminal_codon_variant	6	1
ACG	C	A	0	6.6879e-09	intergenic_variant	6	5
ACG	C	A	0	6.6879e-09	intron_variant	8805	4799
ACG	C	A	0	6.6879e-09	mature_miRNA_variant	5	4
ACG	C	A	0	6.6879e-09	missense_variant	29752	17676
ACG	C	A	0	6.6879e-09	non_coding_transcript_exon_variant	2214	1169
ACG	C	A	0	6.6879e-09	regulatory_region_variant	3	1
ACG	C	A	0	6.6879e-09	splice_acceptor_variant	1	1
ACG	C	A	0	6.6879e-09	splice_donor_variant	411	262
ACG	C	A	0	6.6879e-09	splice_region_variant	1406	820
ACG	C	A	0	6.6879e-09	stop_gained	1217	794
ACG	C	A	0	6.6879e-09	synonymous_variant	6603	3663
ACG	C	A	0	6.6879e-09	upstream_gene_variant	87	42
ACG	C	A	0	6.6879e-09	NA	5	2
ACG	C	G	0	4.9426e-09	3_prime_UTR_variant	862	483
ACG	C	G	0	4.9426e-09	5_prime_UTR_variant	951	529
ACG	C	G	0	4.9426e-09	coding_sequence_variant	1	0
ACG	C	G	0	4.9426e-09	downstream_gene_variant	21	13
ACG	C	G	0	4.9426e-09	incomplete_terminal_codon_variant	5	1
ACG	C	G	0	4.9426e-09	intergenic_variant	2	1
ACG	C	G	0	4.9426e-09	intron_variant	7185	3977
ACG	C	G	0	4.9426e-09	mature_miRNA_variant	5	2
ACG	C	G	0	4.9426e-09	missense_variant	27518	16716
ACG	C	G	0	4.9426e-09	non_coding_transcript_exon_variant	2056	1122
ACG	C	G	0	4.9426e-09	regulatory_region_variant	5	2
ACG	C	G	0	4.9426e-09	splice_acceptor_variant	5	4
ACG	C	G	0	4.9426e-09	splice_donor_variant	456	295
ACG	C	G	0	4.9426e-09	splice_region_variant	1105	652
ACG	C	G	0	4.9426e-09	stop_gained	1274	853
ACG	C	G	0	4.9426e-09	synonymous_variant	3549	1909
ACG	C	G	0	4.9426e-09	upstream_gene_variant	77	43
ACG	C	G	0	4.9426e-09	NA	3	3
ACG	C	T	0	2.6612e-08	3_prime_UTR_variant	211	80
ACG	C	T	0	2.6612e-08	5_prime_UTR_variant	1205	532
ACG	C	T	0	2.6612e-08	downstream_gene_variant	5	0
ACG	C	T	0	2.6612e-08	intergenic_variant	2	1
ACG	C	T	0	2.6612e-08	intron_variant	1498	561
ACG	C	T	0	2.6612e-08	missense_variant	4982	2264
ACG	C	T	0	2.6612e-08	non_coding_transcript_exon_variant	624	251
ACG	C	T	0	2.6612e-08	splice_acceptor_variant	2	1
ACG	C	T	0	2.6612e-08	splice_donor_variant	58	34
ACG	C	T	0	2.6612e-08	splice_region_variant	397	160
ACG	C	T	0	2.6612e-08	stop_gained	82	40
ACG	C	T	0	2.6612e-08	synonymous_variant	4677	1972
ACG	C	T	0	2.6612e-08	upstream_gene_variant	65	27
ACG	C	T	0	2.6612e-08	NA	1	0
ACG	C	T	1	1.0750e-07	3_prime_UTR_variant	379	61
ACG	C	T	1	1.0750e-07	5_prime_UTR_variant	368	50
ACG	C	T	1	1.0750e-07	downstream_gene_variant	14	0
ACG	C	T	1	1.0750e-07	incomplete_terminal_codon_variant	1	0
ACG	C	T	1	1.0750e-07	intergenic_variant	3	2
ACG	C	T	1	1.0750e-07	intron_variant	3060	391
ACG	C	T	1	1.0750e-07	mature_miRNA_variant	4	0
ACG	C	T	1	1.0750e-07	missense_variant	7414	1683
ACG	C	T	1	1.0750e-07	non_coding_transcript_exon_variant	937	163
ACG	C	T	1	1.0750e-07	regulatory_region_variant	2	0
ACG	C	T	1	1.0750e-07	splice_acceptor_variant	1	0
ACG	C	T	1	1.0750e-07	splice_donor_variant	122	35
ACG	C	T	1	1.0750e-07	splice_region_variant	489	90
ACG	C	T	1	1.0750e-07	stop_gained	200	65
ACG	C	T	1	1.0750e-07	synonymous_variant	5162	1042
ACG	C	T	1	1.0750e-07	upstream_gene_variant	57	10
ACG	C	T	1	1.0750e-07	NA	3	2
ACG	C	T	2	1.4169e-07	3_prime_UTR_variant	6173	517
ACG	C	T	2	1.4169e-07	5_prime_UTR_variant	1801	218
ACG	C	T	2	1.4169e-07	downstream_gene_variant	87	4
ACG	C	T	2	1.4169e-07	incomplete_terminal_codon_variant	8	0
ACG	C	T	2	1.4169e-07	intergenic_variant	39	2
ACG	C	T	2	1.4169e-07	intron_variant	51017	3738
ACG	C	T	2	1.4169e-07	mature_miRNA_variant	74	12
ACG	C	T	2	1.4169e-07	missense_variant	158719	22077
ACG	C	T	2	1.4169e-07	non_coding_transcript_exon_variant	11643	992
ACG	C	T	2	1.4169e-07	regulatory_region_variant	7	0
ACG	C	T	2	1.4169e-07	splice_acceptor_variant	24	6
ACG	C	T	2	1.4169e-07	splice_donor_variant	2388	679
ACG	C	T	2	1.4169e-07	splice_region_variant	10145	944
ACG	C	T	2	1.4169e-07	start_lost	1	0
ACG	C	T	2	1.4169e-07	stop_gained	5703	1710
ACG	C	T	2	1.4169e-07	synonymous_variant	91639	8016
ACG	C	T	2	1.4169e-07	upstream_gene_variant	284	26
ACG	C	T	2	1.4169e-07	NA	15	0
ACT	C	A	0	2.0967e-09	3_prime_UTR_variant	1263	741
ACT	C	A	0	2.0967e-09	5_prime_UTR_variant	605	352
ACT	C	A	0	2.0967e-09	downstream_gene_variant	45	22
ACT	C	A	0	2.0967e-09	intergenic_variant	8	5
ACT	C	A	0	2.0967e-09	intron_variant	13256	7761
ACT	C	A	0	2.0967e-09	mature_miRNA_variant	11	9
ACT	C	A	0	2.0967e-09	missense_variant	31873	19903
ACT	C	A	0	2.0967e-09	non_coding_transcript_exon_variant	2321	1349
ACT	C	A	0	2.0967e-09	regulatory_region_variant	2	1
ACT	C	A	0	2.0967e-09	splice_acceptor_variant	623	420
ACT	C	A	0	2.0967e-09	splice_donor_variant	402	289
ACT	C	A	0	2.0967e-09	splice_region_variant	1870	1186
ACT	C	A	0	2.0967e-09	start_lost	1	0
ACT	C	A	0	2.0967e-09	stop_gained	688	461
ACT	C	A	0	2.0967e-09	stop_lost	35	23
ACT	C	A	0	2.0967e-09	upstream_gene_variant	118	62
ACT	C	A	0	2.0967e-09	NA	2	1
ACT	C	G	0	3.0337e-09	3_prime_UTR_variant	2107	1245
ACT	C	G	0	3.0337e-09	5_prime_UTR_variant	1186	706
ACT	C	G	0	3.0337e-09	downstream_gene_variant	54	31
ACT	C	G	0	3.0337e-09	intergenic_variant	15	5
ACT	C	G	0	3.0337e-09	intron_variant	21815	12994
ACT	C	G	0	3.0337e-09	mature_miRNA_variant	12	7
ACT	C	G	0	3.0337e-09	missense_variant	51997	32216
ACT	C	G	0	3.0337e-09	non_coding_transcript_exon_variant	4041	2348
ACT	C	G	0	3.0337e-09	regulatory_region_variant	4	2
ACT	C	G	0	3.0337e-09	splice_acceptor_variant	694	494
ACT	C	G	0	3.0337e-09	splice_donor_variant	559	385
ACT	C	G	0	3.0337e-09	splice_region_variant	3261	2140
ACT	C	G	0	3.0337e-09	stop_gained	1213	857
ACT	C	G	0	3.0337e-09	stop_lost	69	41
ACT	C	G	0	3.0337e-09	upstream_gene_variant	189	115
ACT	C	G	0	3.0337e-09	NA	8	3
ACT	C	T	0	7.9566e-09	3_prime_UTR_variant	5026	2818
ACT	C	T	0	7.9566e-09	5_prime_UTR_variant	2520	1359
ACT	C	T	0	7.9566e-09	coding_sequence_variant	1	0
ACT	C	T	0	7.9566e-09	downstream_gene_variant	147	81
ACT	C	T	0	7.9566e-09	incomplete_terminal_codon_variant	11	4
ACT	C	T	0	7.9566e-09	intergenic_variant	41	19
ACT	C	T	0	7.9566e-09	intron_variant	52805	28647
ACT	C	T	0	7.9566e-09	mature_miRNA_variant	53	35
ACT	C	T	0	7.9566e-09	missense_variant	73277	42257
ACT	C	T	0	7.9566e-09	non_coding_transcript_exon_variant	9713	5196
ACT	C	T	0	7.9566e-09	regulatory_region_variant	8	4
ACT	C	T	0	7.9566e-09	splice_acceptor_variant	1661	1092
ACT	C	T	0	7.9566e-09	splice_donor_variant	1624	1105
ACT	C	T	0	7.9566e-09	splice_region_variant	10605	6289
ACT	C	T	0	7.9566e-09	start_lost	1	0
ACT	C	T	0	7.9566e-09	stop_retained_variant	129	72
ACT	C	T	0	7.9566e-09	synonymous_variant	63522	34675
ACT	C	T	0	7.9566e-09	upstream_gene_variant	349	165
ACT	C	T	0	7.9566e-09	NA	13	10
CAA	A	C	0	1.9615e-09	3_prime_UTR_variant	1455	868
CAA	A	C	0	1.9615e-09	5_prime_UTR_variant	870	500
CAA	A	C	0	1.9615e-09	downstream_gene_variant	44	25
CAA	A	C	0	1.9615e-09	intergenic_variant	10	6
CAA	A	C	0	1.9615e-09	intron_variant	16305	9698
CAA	A	C	0	1.9615e-09	mature_miRNA_variant	12	8
CAA	A	C	0	1.9615e-09	missense_variant	30730	19672
CAA	A	C	0	1.9615e-09	non_coding_transcript_exon_variant	2839	1698
CAA	A	C	0	1.9615e-09	regulatory_region_variant	4	3
CAA	A	C	0	1.9615e-09	splice_acceptor_variant	2	2
CAA	A	C	0	1.9615e-09	splice_donor_variant	1	1
CAA	A	C	0	1.9615e-09	splice_region_variant	2237	1342
CAA	A	C	0	1.9615e-09	stop_gained	11	5
CAA	A	C	0	1.9615e-09	stop_lost	96	66
CAA	A	C	0	1.9615e-09	synonymous_variant	9501	5667
CAA	A	C	0	1.9615e-09	upstream_gene_variant	105	56
CAA	A	C	0	1.9615e-09	NA	6	2
CAA	A	G	0	3.8238e-09	3_prime_UTR_variant	2844	1647
CAA	A	G	0	3.8238e-09	5_prime_UTR_variant	1684	922
CAA	A	G	0	3.8238e-09	downstream_gene_variant	68	36
CAA	A	G	0	3.8238e-09	intergenic_variant	18	11
CAA	A	G	0	3.8238e-09	intron_variant	31977	18041
CAA	A	G	0	3.8238e-09	mature_miRNA_variant	32	20
CAA	A	G	0	3.8238e-09	missense_variant	52591	32202
CAA	A	G	0	3.8238e-09	non_coding_transcript_exon_variant	5755	3306
CAA	A	G	0	3.8238e-09	regulatory_region_variant	5	2
CAA	A	G	0	3.8238e-09	splice_acceptor_variant	4	4
CAA	A	G	0	3.8238e-09	splice_donor_variant	3	1
CAA	A	G	0	3.8238e-09	splice_region_variant	5110	2895
CAA	A	G	0	3.8238e-09	stop_lost	161	85
CAA	A	G	0	3.8238e-09	synonymous_variant	34418	19433
CAA	A	G	0	3.8238e-09	upstream_gene_variant	222	109
CAA	A	G	0	3.8238e-09	NA	4	2
CAA	A	T	0	9.1862e-10	3_prime_UTR_variant	654	390
CAA	A	T	0	9.1862e-10	5_prime_UTR_variant	431	284
CAA	A	T	0	9.1862e-10	downstream_gene_variant	12	4
CAA	A	T	0	9.1862e-10	intergenic_variant	7	2
CAA	A	T	0	9.1862e-10	intron_variant	7210	4488
CAA	A	T	0	9.1862e-10	mature_miRNA_variant	9	7
CAA	A	T	0	9.1862e-10	missense_variant	6897	4519
CAA	A	T	0	9.1862e-10	non_coding_transcript_exon_variant	1199	752
CAA	A	T	0	9.1862e-10	regulatory_region_variant	3	3
CAA	A	T	0	9.1862e-10	splice_acceptor_variant	2	1
CAA	A	T	0	9.1862e-10	splice_donor_variant	1	0
CAA	A	T	0	9.1862e-10	splice_region_variant	955	615
CAA	A	T	0	9.1862e-10	stop_gained	3028	2175
CAA	A	T	0	9.1862e-10	stop_lost	40	27
CAA	A	T	0	9.1862e-10	synonymous_variant	6094	3806
CAA	A	T	0	9.1862e-10	upstream_gene_variant	53	30
CAA	A	T	0	9.1862e-10	NA	4	3
CAC	A	C	0	1.8485e-09	3_prime_UTR_variant	1660	937
CAC	A	C	0	1.8485e-09	5_prime_UTR_variant	1041	590
CAC	A	C	0	1.8485e-09	downstream_gene_variant	63	36
CAC	A	C	0	1.8485e-09	incomplete_terminal_codon_variant	1	1
CAC	A	C	0	1.8485e-09	intergenic_variant	17	10
CAC	A	C	0	1.8485e-09	intron_variant	15233	8649
CAC	A	C	0	1.8485e-09	mature_miRNA_variant	18	12
CAC	A	C	0	1.8485e-09	missense_variant	29409	18923
CAC	A	C	0	1.8485e-09	non_coding_transcript_exon_variant	3345	1908
CAC	A	C	0	1.8485e-09	regulatory_region_variant	5	5
CAC	A	C	0	1.8485e-09	splice_acceptor_variant	6	2
CAC	A	C	0	1.8485e-09	splice_donor_variant	1236	849
CAC	A	C	0	1.8485e-09	splice_region_variant	2701	1656
CAC	A	C	0	1.8485e-09	start_lost	1	0
CAC	A	C	0	1.8485e-09	stop_lost	114	77
CAC	A	C	0	1.8485e-09	synonymous_variant	8976	5163
CAC	A	C	0	1.8485e-09	upstream_gene_variant	155	81
CAC	A	C	0	1.8485e-09	NA	1	1
CAC	A	G	0	5.0796e-09	3_prime_UTR_variant	3963	2181
CAC	A	G	0	5.0796e-09	5_prime_UTR_variant	2368	1257
CAC	A	G	0	5.0796e-09	coding_sequence_variant	2	2
CAC	A	G	0	5.0796e-09	downstream_gene_variant	142	80
CAC	A	G	0	5.0796e-09	incomplete_terminal_codon_variant	3	0
CAC	A	G	0	5.0796e-09	intergenic_variant	33	17
CAC	A	G	0	5.0796e-09	intron_variant	37105	20915
CAC	A	G	0	5.0796e-09	mature_miRNA_variant	52	31
CAC	A	G	0	5.0796e-09	missense_variant	75115	44940
CAC	A	G	0	5.0796e-09	non_coding_transcript_exon_variant	7899	4345
CAC	A	G	0	5.0796e-09	regulatory_region_variant	8	8
CAC	A	G	0	5.0796e-09	splice_acceptor_variant	14	11
CAC	A	G	0	5.0796e-09	splice_donor_variant	2305	1534
CAC	A	G	0	5.0796e-09	splice_region_variant	8092	4583
CAC	A	G	0	5.0796e-09	start_lost	7	5
CAC	A	G	0	5.0796e-09	stop_lost	245	161
CAC	A	G	0	5.0796e-09	synonymous_variant	37594	20720
CAC	A	G	0	5.0796e-09	upstream_gene_variant	369	190
CAC	A	G	0	5.0796e-09	NA	7	3
CAC	A	T	0	1.4118e-09	3_prime_UTR_variant	926	563
CAC	A	T	0	1.4118e-09	5_prime_UTR_variant	687	404
CAC	A	T	0	1.4118e-09	coding_sequence_variant	2	2
CAC	A	T	0	1.4118e-09	downstream_gene_variant	53	32
CAC	A	T	0	1.4118e-09	intergenic_variant	4	4
CAC	A	T	0	1.4118e-09	intron_variant	9849	5872
CAC	A	T	0	1.4118e-09	mature_miRNA_variant	18	12
CAC	A	T	0	1.4118e-09	missense_variant	20234	13123
CAC	A	T	0	1.4118e-09	non_coding_transcript_exon_variant	1963	1197
CAC	A	T	0	1.4118e-09	regulatory_region_variant	3	3
CAC	A	T	0	1.4118e-09	splice_acceptor_variant	3	2
CAC	A	T	0	1.4118e-09	splice_donor_variant	758	546
CAC	A	T	0	1.4118e-09	splice_region_variant	1915	1174
CAC	A	T	0	1.4118e-09	start_lost	1	1
CAC	A	T	0	1.4118e-09	stop_gained	720	500
CAC	A	T	0	1.4118e-09	stop_lost	74	46
CAC	A	T	0	1.4118e-09	synonymous_variant	5994	3631
CAC	A	T	0	1.4118e-09	upstream_gene_variant	131	72
CAG	A	C	0	1.6210e-09	3_prime_UTR_variant	2130	1304
CAG	A	C	0	1.6210e-09	5_prime_UTR_variant	1677	992
CAG	A	C	0	1.6210e-09	coding_sequence_variant	1	1
CAG	A	C	0	1.6210e-09	downstream_gene_variant	60	38
CAG	A	C	0	1.6210e-09	incomplete_terminal_codon_variant	2	2
CAG	A	C	0	1.6210e-09	intergenic_variant	15	12
CAG	A	C	0	1.6210e-09	intron_variant	18587	11464
CAG	A	C	0	1.6210e-09	mature_miRNA_variant	23	11
CAG	A	C	0	1.6210e-09	missense_variant	32877	21660
CAG	A	C	0	1.6210e-09	non_coding_transcript_exon_variant	4120	2459
CAG	A	C	0	1.6210e-09	regulatory_region_variant	1	0
CAG	A	C	0	1.6210e-09	splice_acceptor_variant	2525	1759
CAG	A	C	0	1.6210e-09	splice_donor_variant	1	1
CAG	A	C	0	1.6210e-09	splice_region_variant	2728	1713
CAG	A	C	0	1.6210e-09	start_lost	2	2
CAG	A	C	0	1.6210e-09	stop_lost	176	118
CAG	A	C	0	1.6210e-09	synonymous_variant	26474	15924
CAG	A	C	0	1.6210e-09	upstream_gene_variant	183	99
CAG	A	C	0	1.6210e-09	NA	7	7
CAG	A	G	0	5.2348e-09	3_prime_UTR_variant	6532	3633
CAG	A	G	0	5.2348e-09	5_prime_UTR_variant	4396	2348
CAG	A	G	0	5.2348e-09	coding_sequence_variant	4	3
CAG	A	G	0	5.2348e-09	downstream_gene_variant	186	94
CAG	A	G	0	5.2348e-09	incomplete_terminal_codon_variant	6	2
CAG	A	G	0	5.2348e-09	intergenic_variant	41	24
CAG	A	G	0	5.2348e-09	intron_variant	56138	31299
CAG	A	G	0	5.2348e-09	mature_miRNA_variant	77	39
CAG	A	G	0	5.2348e-09	missense_variant	115768	69587
CAG	A	G	0	5.2348e-09	non_coding_transcript_exon_variant	12716	6994
CAG	A	G	0	5.2348e-09	non_coding_transcript_variant	1	0
CAG	A	G	0	5.2348e-09	regulatory_region_variant	12	5
CAG	A	G	0	5.2348e-09	splice_acceptor_variant	8236	5403
CAG	A	G	0	5.2348e-09	splice_donor_variant	3	1
CAG	A	G	0	5.2348e-09	splice_region_variant	7684	4314
CAG	A	G	0	5.2348e-09	start_lost	3	1
CAG	A	G	0	5.2348e-09	stop_lost	511	324
CAG	A	G	0	5.2348e-09	synonymous_variant	73402	40691
CAG	A	G	0	5.2348e-09	upstream_gene_variant	486	243
CAG	A	G	0	5.2348e-09	NA	22	13
CAG	A	T	0	1.1632e-09	3_prime_UTR_variant	1319	802
CAG	A	T	0	1.1632e-09	5_prime_UTR_variant	1142	692
CAG	A	T	0	1.1632e-09	downstream_gene_variant	66	38
CAG	A	T	0	1.1632e-09	incomplete_terminal_codon_variant	2	1
CAG	A	T	0	1.1632e-09	intergenic_variant	3	3
CAG	A	T	0	1.1632e-09	intron_variant	11830	7367
CAG	A	T	0	1.1632e-09	mature_miRNA_variant	20	17
CAG	A	T	0	1.1632e-09	missense_variant	24362	15867
CAG	A	T	0	1.1632e-09	non_coding_transcript_exon_variant	2721	1666
CAG	A	T	0	1.1632e-09	splice_acceptor_variant	1618	1114
CAG	A	T	0	1.1632e-09	splice_region_variant	1474	958
CAG	A	T	0	1.1632e-09	stop_gained	474	330
CAG	A	T	0	1.1632e-09	stop_lost	126	85
CAG	A	T	0	1.1632e-09	synonymous_variant	15109	9215
CAG	A	T	0	1.1632e-09	upstream_gene_variant	143	75
CAG	A	T	0	1.1632e-09	NA	3	3
CAT	A	C	0	2.0022e-09	3_prime_UTR_variant	1514	906
CAT	A	C	0	2.0022e-09	5_prime_UTR_variant	494	282
CAT	A	C	0	2.0022e-09	downstream_gene_variant	44	25
CAT	A	C	0	2.0022e-09	intergenic_variant	8	6
CAT	A	C	0	2.0022e-09	intron_variant	16866	10242
CAT	A	C	0	2.0022e-09	mature_miRNA_variant	13	5
CAT	A	C	0	2.0022e-09	missense_variant	35285	22596
CAT	A	C	0	2.0022e-09	non_coding_transcript_exon_variant	3042	1796
CAT	A	C	0	2.0022e-09	regulatory_region_variant	5	4
CAT	A	C	0	2.0022e-09	splice_acceptor_variant	9	7
CAT	A	C	0	2.0022e-09	splice_donor_variant	5	2
CAT	A	C	0	2.0022e-09	splice_region_variant	2063	1273
CAT	A	C	0	2.0022e-09	start_lost	1298	865
CAT	A	C	0	2.0022e-09	stop_gained	1447	1000
CAT	A	C	0	2.0022e-09	stop_lost	105	69
CAT	A	C	0	2.0022e-09	synonymous_variant	4615	2735
CAT	A	C	0	2.0022e-09	upstream_gene_variant	106	59
CAT	A	G	0	1.1275e-08	3_prime_UTR_variant	7721	3879
CAT	A	G	0	1.1275e-08	5_prime_UTR_variant	2228	1081
CAT	A	G	0	1.1275e-08	downstream_gene_variant	214	103
CAT	A	G	0	1.1275e-08	incomplete_terminal_codon_variant	4	2
CAT	A	G	0	1.1275e-08	intergenic_variant	50	19
CAT	A	G	0	1.1275e-08	intron_variant	87802	43244
CAT	A	G	0	1.1275e-08	mature_miRNA_variant	63	29
CAT	A	G	0	1.1275e-08	missense_variant	148166	78261
CAT	A	G	0	1.1275e-08	non_coding_transcript_exon_variant	15369	7611
CAT	A	G	0	1.1275e-08	regulatory_region_variant	23	10
CAT	A	G	0	1.1275e-08	splice_acceptor_variant	17	7
CAT	A	G	0	1.1275e-08	splice_donor_variant	17	8
CAT	A	G	0	1.1275e-08	splice_region_variant	12793	6323
CAT	A	G	0	1.1275e-08	start_lost	6057	3273
CAT	A	G	0	1.1275e-08	stop_lost	442	246
CAT	A	G	0	1.1275e-08	synonymous_variant	83803	42124
CAT	A	G	0	1.1275e-08	upstream_gene_variant	418	196
CAT	A	G	0	1.1275e-08	NA	14	9
CAT	A	T	0	2.3466e-09	3_prime_UTR_variant	1494	917
CAT	A	T	0	2.3466e-09	5_prime_UTR_variant	554	327
CAT	A	T	0	2.3466e-09	downstream_gene_variant	56	30
CAT	A	T	0	2.3466e-09	intergenic_variant	9	6
CAT	A	T	0	2.3466e-09	intron_variant	18030	10835
CAT	A	T	0	2.3466e-09	mature_miRNA_variant	23	15
CAT	A	T	0	2.3466e-09	missense_variant	36900	23871
CAT	A	T	0	2.3466e-09	non_coding_transcript_exon_variant	3112	1896
CAT	A	T	0	2.3466e-09	regulatory_region_variant	3	2
CAT	A	T	0	2.3466e-09	splice_acceptor_variant	7	7
CAT	A	T	0	2.3466e-09	splice_donor_variant	6	2
CAT	A	T	0	2.3466e-09	splice_region_variant	2194	1322
CAT	A	T	0	2.3466e-09	start_lost	1411	890
CAT	A	T	0	2.3466e-09	stop_gained	1283	906
CAT	A	T	0	2.3466e-09	stop_lost	109	64
CAT	A	T	0	2.3466e-09	synonymous_variant	5203	3154
CAT	A	T	0	2.3466e-09	upstream_gene_variant	89	43
CCA	C	A	0	2.1462e-09	3_prime_UTR_variant	1710	924
CCA	C	A	0	2.1462e-09	5_prime_UTR_variant	1099	602
CCA	C	A	0	2.1462e-09	downstream_gene_variant	47	19
CCA	C	A	0	2.1462e-09	incomplete_terminal_codon_variant	4	3
CCA	C	A	0	2.1462e-09	intergenic_variant	9	5
CCA	C	A	0	2.1462e-09	intron_variant	16899	9109
CCA	C	A	0	2.1462e-09	mature_miRNA_variant	10	6
CCA	C	A	0	2.1462e-09	missense_variant	27431	16481
CCA	C	A	0	2.1462e-09	non_coding_transcript_exon_variant	3712	2038
CCA	C	A	0	2.1462e-09	regulatory_region_variant	1	0
CCA	C	A	0	2.1462e-09	splice_acceptor_variant	5	3
CCA	C	A	0	2.1462e-09	splice_donor_variant	2	1
CCA	C	A	0	2.1462e-09	splice_region_variant	3565	1950
CCA	C	A	0	2.1462e-09	start_lost	230	149
CCA	C	A	0	2.1462e-09	stop_gained	926	629
CCA	C	A	0	2.1462e-09	stop_lost	3	2
CCA	C	A	0	2.1462e-09	synonymous_variant	19222	11184
CCA	C	A	0	2.1462e-09	upstream_gene_variant	132	75
CCA	C	A	0	2.1462e-09	NA	5	2
CCA	C	G	0	1.7760e-09	3_prime_UTR_variant	2059	1176
CCA	C	G	0	1.7760e-09	5_prime_UTR_variant	1337	771
CCA	C	G	0	1.7760e-09	downstream_gene_variant	52	24
CCA	C	G	0	1.7760e-09	incomplete_terminal_codon_variant	1	1
CCA	C	G	0	1.7760e-09	intergenic_variant	8	3
CCA	C	G	0	1.7760e-09	intron_variant	18605	10712
CCA	C	G	0	1.7760e-09	mature_miRNA_variant	13	9
CCA	C	G	0	1.7760e-09	missense_variant	33040	20626
CCA	C	G	0	1.7760e-09	non_coding_transcript_exon_variant	4316	2479
CCA	C	G	0	1.7760e-09	regulatory_region_variant	3	3
CCA	C	G	0	1.7760e-09	splice_donor_variant	1	1
CCA	C	G	0	1.7760e-09	splice_region_variant	3858	2315
CCA	C	G	0	1.7760e-09	start_lost	204	141
CCA	C	G	0	1.7760e-09	stop_lost	2	1
CCA	C	G	0	1.7760e-09	synonymous_variant	23635	14071
CCA	C	G	0	1.7760e-09	upstream_gene_variant	139	81
CCA	C	G	0	1.7760e-09	NA	4	1
CCA	C	T	0	6.7244e-09	3_prime_UTR_variant	6909	3883
CCA	C	T	0	6.7244e-09	5_prime_UTR_variant	4095	2173
CCA	C	T	0	6.7244e-09	coding_sequence_variant	1	1
CCA	C	T	0	6.7244e-09	downstream_gene_variant	144	80
CCA	C	T	0	6.7244e-09	incomplete_terminal_codon_variant	6	4
CCA	C	T	0	6.7244e-09	intergenic_variant	38	19
CCA	C	T	0	6.7244e-09	intron_variant	60604	33382
CCA	C	T	0	6.7244e-09	mature_miRNA_variant	48	32
CCA	C	T	0	6.7244e-09	missense_variant	74724	44541
CCA	C	T	0	6.7244e-09	non_coding_transcript_exon_variant	13734	7552
CCA	C	T	0	6.7244e-09	regulatory_region_variant	4	3
CCA	C	T	0	6.7244e-09	splice_acceptor_variant	21	10
CCA	C	T	0	6.7244e-09	splice_donor_variant	3	1
CCA	C	T	0	6.7244e-09	splice_region_variant	14888	8302
CCA	C	T	0	6.7244e-09	start_lost	998	620
CCA	C	T	0	6.7244e-09	stop_gained	22821	15141
CCA	C	T	0	6.7244e-09	synonymous_variant	90477	50759
CCA	C	T	0	6.7244e-09	upstream_gene_variant	416	198
CCA	C	T	0	6.7244e-09	NA	21	13
CCC	C	A	0	3.0275e-09	3_prime_UTR_variant	2719	1487
CCC	C	A	0	3.0275e-09	5_prime_UTR_variant	1933	1037
CCC	C	A	0	3.0275e-09	coding_sequence_variant	1	1
CCC	C	A	0	3.0275e-09	downstream_gene_variant	84	47
CCC	C	A	0	3.0275e-09	incomplete_terminal_codon_variant	2	2
CCC	C	A	0	3.0275e-09	intergenic_variant	4	2
CCC	C	A	0	3.0275e-09	intron_variant	29614	16071
CCC	C	A	0	3.0275e-09	mature_miRNA_variant	31	19
CCC	C	A	0	3.0275e-09	missense_variant	38241	22752
CCC	C	A	0	3.0275e-09	non_coding_transcript_exon_variant	6387	3520
CCC	C	A	0	3.0275e-09	regulatory_region_variant	1	0
CCC	C	A	0	3.0275e-09	splice_acceptor_variant	4	3
CCC	C	A	0	3.0275e-09	splice_donor_variant	4	2
CCC	C	A	0	3.0275e-09	splice_region_variant	5001	2772
CCC	C	A	0	3.0275e-09	start_lost	2	1
CCC	C	A	0	3.0275e-09	stop_gained	844	586
CCC	C	A	0	3.0275e-09	synonymous_variant	17547	9922
CCC	C	A	0	3.0275e-09	upstream_gene_variant	190	104
CCC	C	A	0	3.0275e-09	NA	4	3
CCC	C	G	0	3.2054e-09	3_prime_UTR_variant	3357	1853
CCC	C	G	0	3.2054e-09	5_prime_UTR_variant	2509	1397
CCC	C	G	0	3.2054e-09	coding_sequence_variant	3	2
CCC	C	G	0	3.2054e-09	downstream_gene_variant	87	48
CCC	C	G	0	3.2054e-09	incomplete_terminal_codon_variant	5	3
CCC	C	G	0	3.2054e-09	intergenic_variant	8	8
CCC	C	G	0	3.2054e-09	intron_variant	35041	19500
CCC	C	G	0	3.2054e-09	mature_miRNA_variant	28	17
CCC	C	G	0	3.2054e-09	missense_variant	49317	29343
CCC	C	G	0	3.2054e-09	non_coding_transcript_exon_variant	7799	4282
CCC	C	G	0	3.2054e-09	regulatory_region_variant	5	3
CCC	C	G	0	3.2054e-09	splice_acceptor_variant	4	3
CCC	C	G	0	3.2054e-09	splice_donor_variant	6	3
CCC	C	G	0	3.2054e-09	splice_region_variant	6427	3542
CCC	C	G	0	3.2054e-09	synonymous_variant	22199	12958
CCC	C	G	0	3.2054e-09	upstream_gene_variant	213	111
CCC	C	G	0	3.2054e-09	NA	5	1
CCC	C	T	0	8.5724e-09	3_prime_UTR_variant	8800	4668
CCC	C	T	0	8.5724e-09	5_prime_UTR_variant	5851	2986
CCC	C	T	0	8.5724e-09	coding_sequence_variant	5	5
CCC	C	T	0	8.5724e-09	downstream_gene_variant	201	108
CCC	C	T	0	8.5724e-09	incomplete_terminal_codon_variant	4	2
CCC	C	T	0	8.5724e-09	intergenic_variant	35	21
CCC	C	T	0	8.5724e-09	intron_variant	91401	48417
CCC	C	T	0	8.5724e-09	mature_miRNA_variant	84	49
CCC	C	T	0	8.5724e-09	missense_variant	112076	64402
CCC	C	T	0	8.5724e-09	non_coding_transcript_exon_variant	20302	10753
CCC	C	T	0	8.5724e-09	regulatory_region_variant	9	5
CCC	C	T	0	8.5724e-09	splice_acceptor_variant	6	4
CCC	C	T	0	8.5724e-09	splice_donor_variant	7	5
CCC	C	T	0	8.5724e-09	splice_region_variant	17057	9089
CCC	C	T	0	8.5724e-09	start_lost	1	1
CCC	C	T	0	8.5724e-09	stop_gained	3424	2224
CCC	C	T	0	8.5724e-09	synonymous_variant	62872	33728
CCC	C	T	0	8.5724e-09	upstream_gene_variant	501	247
CCC	C	T	0	8.5724e-09	NA	14	5
CCG	C	A	0	5.1901e-09	3_prime_UTR_variant	1135	601
CCG	C	A	0	5.1901e-09	5_prime_UTR_variant	2125	1025
CCG	C	A	0	5.1901e-09	coding_sequence_variant	3	1
CCG	C	A	0	5.1901e-09	downstream_gene_variant	12	8
CCG	C	A	0	5.1901e-09	incomplete_terminal_codon_variant	6	5
CCG	C	A	0	5.1901e-09	intergenic_variant	9	1
CCG	C	A	0	5.1901e-09	intron_variant	9052	4699
CCG	C	A	0	5.1901e-09	mature_miRNA_variant	14	10
CCG	C	A	0	5.1901e-09	missense_variant	23364	13622
CCG	C	A	0	5.1901e-09	non_coding_transcript_exon_variant	2583	1362
CCG	C	A	0	5.1901e-09	splice_acceptor_variant	5	2
CCG	C	A	0	5.1901e-09	splice_donor_variant	1	0
CCG	C	A	0	5.1901e-09	splice_region_variant	1685	901
CCG	C	A	0	5.1901e-09	stop_gained	544	370
CCG	C	A	0	5.1901e-09	synonymous_variant	24078	13206
CCG	C	A	0	5.1901e-09	upstream_gene_variant	128	56
CCG	C	A	0	5.1901e-09	NA	7	2
CCG	C	G	0	5.3627e-09	3_prime_UTR_variant	1574	841
CCG	C	G	0	5.3627e-09	5_prime_UTR_variant	2980	1503
CCG	C	G	0	5.3627e-09	coding_sequence_variant	1	0
CCG	C	G	0	5.3627e-09	downstream_gene_variant	25	14
CCG	C	G	0	5.3627e-09	incomplete_terminal_codon_variant	4	3
CCG	C	G	0	5.3627e-09	intergenic_variant	4	3
CCG	C	G	0	5.3627e-09	intron_variant	12041	6531
CCG	C	G	0	5.3627e-09	mature_miRNA_variant	19	9
CCG	C	G	0	5.3627e-09	missense_variant	36236	21732
CCG	C	G	0	5.3627e-09	non_coding_transcript_exon_variant	3728	1982
CCG	C	G	0	5.3627e-09	regulatory_region_variant	1	0
CCG	C	G	0	5.3627e-09	splice_acceptor_variant	4	2
CCG	C	G	0	5.3627e-09	splice_donor_variant	1	0
CCG	C	G	0	5.3627e-09	splice_region_variant	2154	1192
CCG	C	G	0	5.3627e-09	synonymous_variant	25149	13434
CCG	C	G	0	5.3627e-09	upstream_gene_variant	163	85
CCG	C	G	0	5.3627e-09	NA	10	4
CCG	C	T	0	2.0993e-08	3_prime_UTR_variant	458	186
CCG	C	T	0	2.0993e-08	5_prime_UTR_variant	4363	1807
CCG	C	T	0	2.0993e-08	coding_sequence_variant	3	1
CCG	C	T	0	2.0993e-08	downstream_gene_variant	2	1
CCG	C	T	0	2.0993e-08	incomplete_terminal_codon_variant	1	1
CCG	C	T	0	2.0993e-08	intergenic_variant	1	1
CCG	C	T	0	2.0993e-08	intron_variant	4201	1756
CCG	C	T	0	2.0993e-08	mature_miRNA_variant	9	5
CCG	C	T	0	2.0993e-08	missense_variant	11679	5513
CCG	C	T	0	2.0993e-08	non_coding_transcript_exon_variant	1591	729
CCG	C	T	0	2.0993e-08	splice_acceptor_variant	1	0
CCG	C	T	0	2.0993e-08	splice_region_variant	780	315
CCG	C	T	0	2.0993e-08	stop_gained	239	126
CCG	C	T	0	2.0993e-08	synonymous_variant	9339	3977
CCG	C	T	0	2.0993e-08	upstream_gene_variant	119	47
CCG	C	T	0	2.0993e-08	NA	6	3
CCG	C	T	1	8.2387e-08	3_prime_UTR_variant	521	110
CCG	C	T	1	8.2387e-08	5_prime_UTR_variant	634	141
CCG	C	T	1	8.2387e-08	downstream_gene_variant	28	4
CCG	C	T	1	8.2387e-08	incomplete_terminal_codon_variant	1	0
CCG	C	T	1	8.2387e-08	intergenic_variant	3	1
CCG	C	T	1	8.2387e-08	intron_variant	3340	653
CCG	C	T	1	8.2387e-08	mature_miRNA_variant	10	2
CCG	C	T	1	8.2387e-08	missense_variant	8888	2511
CCG	C	T	1	8.2387e-08	non_coding_transcript_exon_variant	1236	246
CCG	C	T	1	8.2387e-08	regulatory_region_variant	1	0
CCG	C	T	1	8.2387e-08	splice_acceptor_variant	1	0
CCG	C	T	1	8.2387e-08	splice_region_variant	571	109
CCG	C	T	1	8.2387e-08	stop_gained	365	125
CCG	C	T	1	8.2387e-08	synonymous_variant	6078	1542
CCG	C	T	1	8.2387e-08	upstream_gene_variant	52	8
CCG	C	T	1	8.2387e-08	NA	3	0
CCG	C	T	2	1.2483e-07	3_prime_UTR_variant	8433	780
CCG	C	T	2	1.2483e-07	5_prime_UTR_variant	2711	344
CCG	C	T	2	1.2483e-07	coding_sequence_variant	2	0
CCG	C	T	2	1.2483e-07	downstream_gene_variant	106	16
CCG	C	T	2	1.2483e-07	incomplete_terminal_codon_variant	9	0
CCG	C	T	2	1.2483e-07	intergenic_variant	37	3
CCG	C	T	2	1.2483e-07	intron_variant	64399	5540
CCG	C	T	2	1.2483e-07	mature_miRNA_variant	88	14
CCG	C	T	2	1.2483e-07	missense_variant	224282	37663
CCG	C	T	2	1.2483e-07	non_coding_transcript_exon_variant	16490	1659
CCG	C	T	2	1.2483e-07	regulatory_region_variant	7	1
CCG	C	T	2	1.2483e-07	splice_acceptor_variant	22	2
CCG	C	T	2	1.2483e-07	splice_donor_variant	5	2
CCG	C	T	2	1.2483e-07	splice_region_variant	11527	1327
CCG	C	T	2	1.2483e-07	start_lost	1	0
CCG	C	T	2	1.2483e-07	stop_gained	11419	3657
CCG	C	T	2	1.2483e-07	synonymous_variant	123266	12522
CCG	C	T	2	1.2483e-07	upstream_gene_variant	375	35
CCG	C	T	2	1.2483e-07	NA	16	3
CCT	C	A	0	1.7092e-09	3_prime_UTR_variant	1560	925
CCT	C	A	0	1.7092e-09	5_prime_UTR_variant	902	499
CCT	C	A	0	1.7092e-09	coding_sequence_variant	1	1
CCT	C	A	0	1.7092e-09	downstream_gene_variant	55	29
CCT	C	A	0	1.7092e-09	incomplete_terminal_codon_variant	3	1
CCT	C	A	0	1.7092e-09	intergenic_variant	7	3
CCT	C	A	0	1.7092e-09	intron_variant	15251	8766
CCT	C	A	0	1.7092e-09	mature_miRNA_variant	15	7
CCT	C	A	0	1.7092e-09	missense_variant	31234	19410
CCT	C	A	0	1.7092e-09	non_coding_transcript_exon_variant	3175	1797
CCT	C	A	0	1.7092e-09	regulatory_region_variant	3	2
CCT	C	A	0	1.7092e-09	splice_acceptor_variant	1529	1059
CCT	C	A	0	1.7092e-09	splice_donor_variant	1	1
CCT	C	A	0	1.7092e-09	splice_region_variant	2381	1417
CCT	C	A	0	1.7092e-09	start_lost	2	1
CCT	C	A	0	1.7092e-09	stop_gained	873	584
CCT	C	A	0	1.7092e-09	stop_lost	32	25
CCT	C	A	0	1.7092e-09	synonymous_variant	6765	4014
CCT	C	A	0	1.7092e-09	upstream_gene_variant	138	75
CCT	C	A	0	1.7092e-09	NA	4	3
CCT	C	G	0	2.6842e-09	3_prime_UTR_variant	3386	2023
CCT	C	G	0	2.6842e-09	5_prime_UTR_variant	2216	1314
CCT	C	G	0	2.6842e-09	coding_sequence_variant	2	1
CCT	C	G	0	2.6842e-09	downstream_gene_variant	83	47
CCT	C	G	0	2.6842e-09	incomplete_terminal_codon_variant	7	2
CCT	C	G	0	2.6842e-09	intergenic_variant	15	11
CCT	C	G	0	2.6842e-09	intron_variant	33249	19518
CCT	C	G	0	2.6842e-09	mature_miRNA_variant	39	23
CCT	C	G	0	2.6842e-09	missense_variant	65096	40915
CCT	C	G	0	2.6842e-09	non_coding_transcript_exon_variant	7335	4318
CCT	C	G	0	2.6842e-09	regulatory_region_variant	2	1
CCT	C	G	0	2.6842e-09	splice_acceptor_variant	2632	1836
CCT	C	G	0	2.6842e-09	splice_donor_variant	4	3
CCT	C	G	0	2.6842e-09	splice_region_variant	5280	3168
CCT	C	G	0	2.6842e-09	start_lost	2	1
CCT	C	G	0	2.6842e-09	stop_lost	98	65
CCT	C	G	0	2.6842e-09	synonymous_variant	14833	8704
CCT	C	G	0	2.6842e-09	upstream_gene_variant	235	117
CCT	C	G	0	2.6842e-09	NA	2	1
CCT	C	T	0	8.1422e-09	3_prime_UTR_variant	8241	4457
CCT	C	T	0	8.1422e-09	5_prime_UTR_variant	5467	2793
CCT	C	T	0	8.1422e-09	coding_sequence_variant	1	1
CCT	C	T	0	8.1422e-09	downstream_gene_variant	215	122
CCT	C	T	0	8.1422e-09	incomplete_terminal_codon_variant	32	14
CCT	C	T	0	8.1422e-09	intergenic_variant	50	23
CCT	C	T	0	8.1422e-09	intron_variant	80830	43601
CCT	C	T	0	8.1422e-09	mature_miRNA_variant	80	49
CCT	C	T	0	8.1422e-09	missense_variant	91169	53249
CCT	C	T	0	8.1422e-09	non_coding_transcript_exon_variant	17975	9674
CCT	C	T	0	8.1422e-09	regulatory_region_variant	18	13
CCT	C	T	0	8.1422e-09	splice_acceptor_variant	5572	3767
CCT	C	T	0	8.1422e-09	splice_donor_variant	11	6
CCT	C	T	0	8.1422e-09	splice_region_variant	19974	11306
CCT	C	T	0	8.1422e-09	stop_retained_variant	195	107
CCT	C	T	0	8.1422e-09	synonymous_variant	115198	62811
CCT	C	T	0	8.1422e-09	upstream_gene_variant	538	260
CCT	C	T	0	8.1422e-09	NA	14	9
GAA	A	C	0	1.2103e-09	3_prime_UTR_variant	1267	764
GAA	A	C	0	1.2103e-09	5_prime_UTR_variant	747	405
GAA	A	C	0	1.2103e-09	coding_sequence_variant	1	0
GAA	A	C	0	1.2103e-09	downstream_gene_variant	41	24
GAA	A	C	0	1.2103e-09	intergenic_variant	9	4
GAA	A	C	0	1.2103e-09	intron_variant	13672	8208
GAA	A	C	0	1.2103e-09	mature_miRNA_variant	11	8
GAA	A	C	0	1.2103e-09	missense_variant	29423	18509
GAA	A	C	0	1.2103e-09	non_coding_transcript_exon_variant	2419	1474
GAA	A	C	0	1.2103e-09	splice_acceptor_variant	1	0
GAA	A	C	0	1.2103e-09	splice_donor_variant	3	0
GAA	A	C	0	1.2103e-09	splice_region_variant	2635	1644
GAA	A	C	0	1.2103e-09	stop_lost	111	74
GAA	A	C	0	1.2103e-09	synonymous_variant	4123	2504
GAA	A	C	0	1.2103e-09	upstream_gene_variant	94	42
GAA	A	C	0	1.2103e-09	NA	3	0
GAA	A	G	0	3.0181e-09	3_prime_UTR_variant	2550	1406
GAA	A	G	0	3.0181e-09	5_prime_UTR_variant	1643	885
GAA	A	G	0	3.0181e-09	coding_sequence_variant	2	1
GAA	A	G	0	3.0181e-09	downstream_gene_variant	56	34
GAA	A	G	0	3.0181e-09	incomplete_terminal_codon_variant	1	0
GAA	A	G	0	3.0181e-09	intergenic_variant	19	9
GAA	A	G	0	3.0181e-09	intron_variant	30571	17233
GAA	A	G	0	3.0181e-09	mature_miRNA_variant	26	9
GAA	A	G	0	3.0181e-09	missense_variant	50281	31460
GAA	A	G	0	3.0181e-09	non_coding_transcript_exon_variant	5084	2858
GAA	A	G	0	3.0181e-09	regulatory_region_variant	5	2
GAA	A	G	0	3.0181e-09	splice_donor_variant	6	3
GAA	A	G	0	3.0181e-09	splice_region_variant	6425	3698
GAA	A	G	0	3.0181e-09	stop_lost	173	117
GAA	A	G	0	3.0181e-09	synonymous_variant	16332	9445
GAA	A	G	0	3.0181e-09	upstream_gene_variant	189	100
GAA	A	G	0	3.0181e-09	NA	3	3
GAA	A	T	0	9.4166e-10	3_prime_UTR_variant	831	522
GAA	A	T	0	9.4166e-10	5_prime_UTR_variant	524	337
GAA	A	T	0	9.4166e-10	downstream_gene_variant	24	14
GAA	A	T	0	9.4166e-10	incomplete_terminal_codon_variant	2	0
GAA	A	T	0	9.4166e-10	intergenic_variant	4	3
GAA	A	T	0	9.4166e-10	intron_variant	9693	6035
GAA	A	T	0	9.4166e-10	mature_miRNA_variant	7	2
GAA	A	T	0	9.4166e-10	missense_variant	15841	10266
GAA	A	T	0	9.4166e-10	non_coding_transcript_exon_variant	1656	1024
GAA	A	T	0	9.4166e-10	regulatory_region_variant	1	1
GAA	A	T	0	9.4166e-10	splice_donor_variant	1	0
GAA	A	T	0	9.4166e-10	splice_region_variant	1830	1183
GAA	A	T	0	9.4166e-10	stop_gained	1971	1438
GAA	A	T	0	9.4166e-10	stop_lost	62	43
GAA	A	T	0	9.4166e-10	synonymous_variant	3965	2493
GAA	A	T	0	9.4166e-10	upstream_gene_variant	63	38
GAC	A	C	0	1.0495e-09	3_prime_UTR_variant	687	390
GAC	A	C	0	1.0495e-09	5_prime_UTR_variant	625	364
GAC	A	C	0	1.0495e-09	downstream_gene_variant	17	10
GAC	A	C	0	1.0495e-09	incomplete_terminal_codon_variant	1	1
GAC	A	C	0	1.0495e-09	intergenic_variant	2	1
GAC	A	C	0	1.0495e-09	intron_variant	6067	3661
GAC	A	C	0	1.0495e-09	mature_miRNA_variant	5	4
GAC	A	C	0	1.0495e-09	missense_variant	16216	10440
GAC	A	C	0	1.0495e-09	non_coding_transcript_exon_variant	1344	831
GAC	A	C	0	1.0495e-09	regulatory_region_variant	1	1
GAC	A	C	0	1.0495e-09	splice_donor_variant	97	68
GAC	A	C	0	1.0495e-09	splice_region_variant	924	579
GAC	A	C	0	1.0495e-09	stop_lost	67	44
GAC	A	C	0	1.0495e-09	synonymous_variant	2049	1213
GAC	A	C	0	1.0495e-09	upstream_gene_variant	85	45
GAC	A	C	0	1.0495e-09	NA	6	3
GAC	A	G	0	4.2353e-09	3_prime_UTR_variant	2008	1181
GAC	A	G	0	4.2353e-09	5_prime_UTR_variant	1570	872
GAC	A	G	0	4.2353e-09	downstream_gene_variant	66	39
GAC	A	G	0	4.2353e-09	incomplete_terminal_codon_variant	5	2
GAC	A	G	0	4.2353e-09	intergenic_variant	11	8
GAC	A	G	0	4.2353e-09	intron_variant	19248	11189
GAC	A	G	0	4.2353e-09	mature_miRNA_variant	17	11
GAC	A	G	0	4.2353e-09	missense_variant	49621	30813
GAC	A	G	0	4.2353e-09	non_coding_transcript_exon_variant	4047	2351
GAC	A	G	0	4.2353e-09	regulatory_region_variant	3	2
GAC	A	G	0	4.2353e-09	splice_acceptor_variant	4	3
GAC	A	G	0	4.2353e-09	splice_donor_variant	194	136
GAC	A	G	0	4.2353e-09	splice_region_variant	3226	1926
GAC	A	G	0	4.2353e-09	stop_lost	197	120
GAC	A	G	0	4.2353e-09	synonymous_variant	13286	7691
GAC	A	G	0	4.2353e-09	upstream_gene_variant	168	93
GAC	A	G	0	4.2353e-09	NA	8	6
GAC	A	T	0	1.8684e-09	3_prime_UTR_variant	885	530
GAC	A	T	0	1.8684e-09	5_prime_UTR_variant	752	444
GAC	A	T	0	1.8684e-09	downstream_gene_variant	24	17
GAC	A	T	0	1.8684e-09	intergenic_variant	4	1
GAC	A	T	0	1.8684e-09	intron_variant	8792	5371
GAC	A	T	0	1.8684e-09	mature_miRNA_variant	10	6
GAC	A	T	0	1.8684e-09	missense_variant	22837	14643
GAC	A	T	0	1.8684e-09	non_coding_transcript_exon_variant	1893	1161
GAC	A	T	0	1.8684e-09	regulatory_region_variant	2	1
GAC	A	T	0	1.8684e-09	splice_acceptor_variant	2	0
GAC	A	T	0	1.8684e-09	splice_donor_variant	112	80
GAC	A	T	0	1.8684e-09	splice_region_variant	1466	906
GAC	A	T	0	1.8684e-09	stop_gained	404	290
GAC	A	T	0	1.8684e-09	stop_lost	97	62
GAC	A	T	0	1.8684e-09	synonymous_variant	2764	1704
GAC	A	T	0	1.8684e-09	upstream_gene_variant	94	47
GAC	A	T	0	1.8684e-09	NA	3	2
GAG	A	C	0	1.2532e-09	3_prime_UTR_variant	1362	832
GAG	A	C	0	1.2532e-09	5_prime_UTR_variant	1030	605
GAG	A	C	0	1.2532e-09	downstream_gene_variant	24	13
GAG	A	C	0	1.2532e-09	incomplete_terminal_codon_variant	5	2
GAG	A	C	0	1.2532e-09	intergenic_variant	10	5
GAG	A	C	0	1.2532e-09	intron_variant	12519	7615
GAG	A	C	0	1.2532e-09	mature_miRNA_variant	13	8
GAG	A	C	0	1.2532e-09	missense_variant	24885	15776
GAG	A	C	0	1.2532e-09	non_coding_transcript_exon_variant	2708	1630
GAG	A	C	0	1.2532e-09	regulatory_region_variant	1	1
GAG	A	C	0	1.2532e-09	splice_acceptor_variant	34	21
GAG	A	C	0	1.2532e-09	splice_region_variant	2937	1810
GAG	A	C	0	1.2532e-09	start_lost	1	1
GAG	A	C	0	1.2532e-09	stop_lost	126	80
GAG	A	C	0	1.2532e-09	synonymous_variant	10624	6374
GAG	A	C	0	1.2532e-09	upstream_gene_variant	114	51
GAG	A	C	0	1.2532e-09	NA	1	1
GAG	A	G	0	3.1245e-09	3_prime_UTR_variant	3114	1835
GAG	A	G	0	3.1245e-09	5_prime_UTR_variant	2471	1413
GAG	A	G	0	3.1245e-09	coding_sequence_variant	5	3
GAG	A	G	0	3.1245e-09	downstream_gene_variant	87	53
GAG	A	G	0	3.1245e-09	incomplete_terminal_codon_variant	1	1
GAG	A	G	0	3.1245e-09	intergenic_variant	22	12
GAG	A	G	0	3.1245e-09	intron_variant	31558	18421
GAG	A	G	0	3.1245e-09	mature_miRNA_variant	29	14
GAG	A	G	0	3.1245e-09	missense_variant	58534	37194
GAG	A	G	0	3.1245e-09	non_coding_transcript_exon_variant	6637	3827
GAG	A	G	0	3.1245e-09	regulatory_region_variant	8	6
GAG	A	G	0	3.1245e-09	splice_acceptor_variant	68	38
GAG	A	G	0	3.1245e-09	splice_donor_variant	1	1
GAG	A	G	0	3.1245e-09	splice_region_variant	7160	4324
GAG	A	G	0	3.1245e-09	start_lost	3	1
GAG	A	G	0	3.1245e-09	stop_lost	254	167
GAG	A	G	0	3.1245e-09	synonymous_variant	23396	13871
GAG	A	G	0	3.1245e-09	upstream_gene_variant	243	131
GAG	A	G	0	3.1245e-09	NA	10	4
GAG	A	T	0	1.1340e-09	3_prime_UTR_variant	1048	636
GAG	A	T	0	1.1340e-09	5_prime_UTR_variant	899	526
GAG	A	T	0	1.1340e-09	downstream_gene_variant	28	18
GAG	A	T	0	1.1340e-09	intergenic_variant	3	2
GAG	A	T	0	1.1340e-09	intron_variant	10706	6613
GAG	A	T	0	1.1340e-09	mature_miRNA_variant	19	12
GAG	A	T	0	1.1340e-09	missense_variant	22240	14412
GAG	A	T	0	1.1340e-09	non_coding_transcript_exon_variant	2385	1480
GAG	A	T	0	1.1340e-09	regulatory_region_variant	1	0
GAG	A	T	0	1.1340e-09	splice_acceptor_variant	33	21
GAG	A	T	0	1.1340e-09	splice_donor_variant	3	1
GAG	A	T	0	1.1340e-09	splice_region_variant	2286	1459
GAG	A	T	0	1.1340e-09	start_lost	1	1
GAG	A	T	0	1.1340e-09	stop_gained	390	280
GAG	A	T	0	1.1340e-09	stop_lost	75	51
GAG	A	T	0	1.1340e-09	synonymous_variant	6848	4260
GAG	A	T	0	1.1340e-09	upstream_gene_variant	115	62
GAG	A	T	0	1.1340e-09	NA	1	1
GAT	A	C	0	1.0943e-09	3_prime_UTR_variant	681	430
GAT	A	C	0	1.0943e-09	5_prime_UTR_variant	396	227
GAT	A	C	0	1.0943e-09	downstream_gene_variant	13	5
GAT	A	C	0	1.0943e-09	intergenic_variant	3	1
GAT	A	C	0	1.0943e-09	intron_variant	6111	3721
GAT	A	C	0	1.0943e-09	mature_miRNA_variant	8	5
GAT	A	C	0	1.0943e-09	missense_variant	18027	11712
GAT	A	C	0	1.0943e-09	non_coding_transcript_exon_variant	1286	773
GAT	A	C	0	1.0943e-09	regulatory_region_variant	1	1
GAT	A	C	0	1.0943e-09	splice_donor_variant	3	0
GAT	A	C	0	1.0943e-09	splice_region_variant	678	402
GAT	A	C	0	1.0943e-09	start_lost	128	86
GAT	A	C	0	1.0943e-09	stop_gained	359	249
GAT	A	C	0	1.0943e-09	stop_lost	67	40
GAT	A	C	0	1.0943e-09	synonymous_variant	816	484
GAT	A	C	0	1.0943e-09	upstream_gene_variant	41	20
GAT	A	C	0	1.0943e-09	NA	1	0
GAT	A	G	0	5.3443e-09	3_prime_UTR_variant	2671	1500
GAT	A	G	0	5.3443e-09	5_prime_UTR_variant	1232	657
GAT	A	G	0	5.3443e-09	coding_sequence_variant	1	0
GAT	A	G	0	5.3443e-09	downstream_gene_variant	63	27
GAT	A	G	0	5.3443e-09	intergenic_variant	34	15
GAT	A	G	0	5.3443e-09	intron_variant	28868	16071
GAT	A	G	0	5.3443e-09	mature_miRNA_variant	29	15
GAT	A	G	0	5.3443e-09	missense_variant	69466	41803
GAT	A	G	0	5.3443e-09	non_coding_transcript_exon_variant	5222	2927
GAT	A	G	0	5.3443e-09	regulatory_region_variant	7	6
GAT	A	G	0	5.3443e-09	splice_acceptor_variant	2	0
GAT	A	G	0	5.3443e-09	splice_donor_variant	20	9
GAT	A	G	0	5.3443e-09	splice_region_variant	3948	2271
GAT	A	G	0	5.3443e-09	start_lost	728	430
GAT	A	G	0	5.3443e-09	stop_lost	266	175
GAT	A	G	0	5.3443e-09	synonymous_variant	16780	9495
GAT	A	G	0	5.3443e-09	upstream_gene_variant	154	85
GAT	A	G	0	5.3443e-09	NA	7	5
GAT	A	T	0	2.9242e-09	3_prime_UTR_variant	1347	790
GAT	A	T	0	2.9242e-09	5_prime_UTR_variant	608	354
GAT	A	T	0	2.9242e-09	coding_sequence_variant	2	2
GAT	A	T	0	2.9242e-09	downstream_gene_variant	38	23
GAT	A	T	0	2.9242e-09	incomplete_terminal_codon_variant	1	0
GAT	A	T	0	2.9242e-09	intergenic_variant	18	8
GAT	A	T	0	2.9242e-09	intron_variant	14634	8610
GAT	A	T	0	2.9242e-09	mature_miRNA_variant	22	14
GAT	A	T	0	2.9242e-09	missense_variant	39852	25546
GAT	A	T	0	2.9242e-09	non_coding_transcript_exon_variant	2634	1563
GAT	A	T	0	2.9242e-09	non_coding_transcript_variant	1	0
GAT	A	T	0	2.9242e-09	regulatory_region_variant	7	5
GAT	A	T	0	2.9242e-09	splice_acceptor_variant	2	0
GAT	A	T	0	2.9242e-09	splice_donor_variant	7	6
GAT	A	T	0	2.9242e-09	splice_region_variant	1693	1010
GAT	A	T	0	2.9242e-09	start_lost	426	275
GAT	A	T	0	2.9242e-09	stop_gained	537	395
GAT	A	T	0	2.9242e-09	stop_lost	138	93
GAT	A	T	0	2.9242e-09	synonymous_variant	1894	1103
GAT	A	T	0	2.9242e-09	upstream_gene_variant	110	45
GCA	C	A	0	3.3394e-09	3_prime_UTR_variant	1897	1082
GCA	C	A	0	3.3394e-09	5_prime_UTR_variant	1478	791
GCA	C	A	0	3.3394e-09	coding_sequence_variant	2	1
GCA	C	A	0	3.3394e-09	downstream_gene_variant	60	29
GCA	C	A	0	3.3394e-09	incomplete_terminal_codon_variant	1	0
GCA	C	A	0	3.3394e-09	intergenic_variant	12	6
GCA	C	A	0	3.3394e-09	intron_variant	18974	10669
GCA	C	A	0	3.3394e-09	mature_miRNA_variant	27	15
GCA	C	A	0	3.3394e-09	missense_variant	41138	25231
GCA	C	A	0	3.3394e-09	non_coding_transcript_exon_variant	3873	2176
GCA	C	A	0	3.3394e-09	non_coding_transcript_variant	1	0
GCA	C	A	0	3.3394e-09	regulatory_region_variant	5	2
GCA	C	A	0	3.3394e-09	splice_acceptor_variant	5	1
GCA	C	A	0	3.3394e-09	splice_donor_variant	49	32
GCA	C	A	0	3.3394e-09	splice_region_variant	5228	3039
GCA	C	A	0	3.3394e-09	start_lost	186	104
GCA	C	A	0	3.3394e-09	stop_gained	1179	796
GCA	C	A	0	3.3394e-09	synonymous_variant	14144	8139
GCA	C	A	0	3.3394e-09	upstream_gene_variant	164	75
GCA	C	A	0	3.3394e-09	NA	6	4
GCA	C	G	0	1.6675e-09	3_prime_UTR_variant	1484	855
GCA	C	G	0	1.6675e-09	5_prime_UTR_variant	1030	614
GCA	C	G	0	1.6675e-09	coding_sequence_variant	1	1
GCA	C	G	0	1.6675e-09	downstream_gene_variant	33	18
GCA	C	G	0	1.6675e-09	incomplete_terminal_codon_variant	2	1
GCA	C	G	0	1.6675e-09	intergenic_variant	12	7
GCA	C	G	0	1.6675e-09	intron_variant	13363	7971
GCA	C	G	0	1.6675e-09	mature_miRNA_variant	14	11
GCA	C	G	0	1.6675e-09	missense_variant	32101	20307
GCA	C	G	0	1.6675e-09	non_coding_transcript_exon_variant	2976	1781
GCA	C	G	0	1.6675e-09	regulatory_region_variant	3	2
GCA	C	G	0	1.6675e-09	splice_donor_variant	77	51
GCA	C	G	0	1.6675e-09	splice_region_variant	2840	1795
GCA	C	G	0	1.6675e-09	start_lost	92	44
GCA	C	G	0	1.6675e-09	stop_gained	1	0
GCA	C	G	0	1.6675e-09	synonymous_variant	10114	6082
GCA	C	G	0	1.6675e-09	upstream_gene_variant	113	59
GCA	C	G	0	1.6675e-09	NA	3	2
GCA	C	T	0	6.8845e-09	3_prime_UTR_variant	5309	2847
GCA	C	T	0	6.8845e-09	5_prime_UTR_variant	3162	1665
GCA	C	T	0	6.8845e-09	coding_sequence_variant	2	1
GCA	C	T	0	6.8845e-09	downstream_gene_variant	128	70
GCA	C	T	0	6.8845e-09	incomplete_terminal_codon_variant	3	1
GCA	C	T	0	6.8845e-09	intergenic_variant	29	13
GCA	C	T	0	6.8845e-09	intron_variant	47069	25621
GCA	C	T	0	6.8845e-09	mature_miRNA_variant	62	38
GCA	C	T	0	6.8845e-09	missense_variant	79214	46612
GCA	C	T	0	6.8845e-09	non_coding_transcript_exon_variant	10278	5584
GCA	C	T	0	6.8845e-09	regulatory_region_variant	7	3
GCA	C	T	0	6.8845e-09	splice_acceptor_variant	4	3
GCA	C	T	0	6.8845e-09	splice_donor_variant	194	109
GCA	C	T	0	6.8845e-09	splice_region_variant	13777	7444
GCA	C	T	0	6.8845e-09	start_lost	422	245
GCA	C	T	0	6.8845e-09	stop_gained	10164	6845
GCA	C	T	0	6.8845e-09	synonymous_variant	59500	33165
GCA	C	T	0	6.8845e-09	upstream_gene_variant	398	207
GCA	C	T	0	6.8845e-09	NA	16	10
GCC	C	A	0	3.7538e-09	3_prime_UTR_variant	2802	1546
GCC	C	A	0	3.7538e-09	5_prime_UTR_variant	2153	1213
GCC	C	A	0	3.7538e-09	downstream_gene_variant	53	24
GCC	C	A	0	3.7538e-09	incomplete_terminal_codon_variant	3	2
GCC	C	A	0	3.7538e-09	intergenic_variant	14	8
GCC	C	A	0	3.7538e-09	intron_variant	25872	14414
GCC	C	A	0	3.7538e-09	mature_miRNA_variant	19	12
GCC	C	A	0	3.7538e-09	missense_variant	63720	38467
GCC	C	A	0	3.7538e-09	non_coding_transcript_exon_variant	6041	3398
GCC	C	A	0	3.7538e-09	regulatory_region_variant	7	3
GCC	C	A	0	3.7538e-09	splice_acceptor_variant	7	3
GCC	C	A	0	3.7538e-09	splice_donor_variant	88	55
GCC	C	A	0	3.7538e-09	splice_region_variant	3725	2124
GCC	C	A	0	3.7538e-09	stop_gained	1320	840
GCC	C	A	0	3.7538e-09	synonymous_variant	11092	6411
GCC	C	A	0	3.7538e-09	upstream_gene_variant	214	115
GCC	C	A	0	3.7538e-09	NA	8	4
GCC	C	G	0	2.2808e-09	3_prime_UTR_variant	2092	1220
GCC	C	G	0	2.2808e-09	5_prime_UTR_variant	1663	996
GCC	C	G	0	2.2808e-09	coding_sequence_variant	1	0
GCC	C	G	0	2.2808e-09	downstream_gene_variant	45	27
GCC	C	G	0	2.2808e-09	incomplete_terminal_codon_variant	3	3
GCC	C	G	0	2.2808e-09	intergenic_variant	8	5
GCC	C	G	0	2.2808e-09	intron_variant	16943	9805
GCC	C	G	0	2.2808e-09	mature_miRNA_variant	12	10
GCC	C	G	0	2.2808e-09	missense_variant	46585	28413
GCC	C	G	0	2.2808e-09	non_coding_transcript_exon_variant	4058	2346
GCC	C	G	0	2.2808e-09	regulatory_region_variant	3	0
GCC	C	G	0	2.2808e-09	splice_acceptor_variant	1	0
GCC	C	G	0	2.2808e-09	splice_donor_variant	66	44
GCC	C	G	0	2.2808e-09	splice_region_variant	2223	1297
GCC	C	G	0	2.2808e-09	start_lost	2	1
GCC	C	G	0	2.2808e-09	stop_gained	1	1
GCC	C	G	0	2.2808e-09	synonymous_variant	6919	4171
GCC	C	G	0	2.2808e-09	upstream_gene_variant	139	67
GCC	C	G	0	2.2808e-09	NA	2	2
GCC	C	T	0	8.6359e-09	3_prime_UTR_variant	6722	3588
GCC	C	T	0	8.6359e-09	5_prime_UTR_variant	4987	2467
GCC	C	T	0	8.6359e-09	coding_sequence_variant	4	0
GCC	C	T	0	8.6359e-09	downstream_gene_variant	133	57
GCC	C	T	0	8.6359e-09	incomplete_terminal_codon_variant	6	3
GCC	C	T	0	8.6359e-09	intergenic_variant	30	10
GCC	C	T	0	8.6359e-09	intron_variant	57660	29851
GCC	C	T	0	8.6359e-09	mature_miRNA_variant	61	29
GCC	C	T	0	8.6359e-09	missense_variant	132099	74637
GCC	C	T	0	8.6359e-09	non_coding_transcript_exon_variant	13763	7202
GCC	C	T	0	8.6359e-09	regulatory_region_variant	11	6
GCC	C	T	0	8.6359e-09	splice_acceptor_variant	6	3
GCC	C	T	0	8.6359e-09	splice_donor_variant	212	129
GCC	C	T	0	8.6359e-09	splice_region_variant	9222	4910
GCC	C	T	0	8.6359e-09	start_lost	1	1
GCC	C	T	0	8.6359e-09	stop_gained	2397	1511
GCC	C	T	0	8.6359e-09	synonymous_variant	49230	26163
GCC	C	T	0	8.6359e-09	upstream_gene_variant	414	181
GCC	C	T	0	8.6359e-09	NA	10	6
GCG	C	A	0	8.8520e-09	3_prime_UTR_variant	1364	702
GCG	C	A	0	8.8520e-09	5_prime_UTR_variant	2294	1154
GCG	C	A	0	8.8520e-09	coding_sequence_variant	1	0
GCG	C	A	0	8.8520e-09	downstream_gene_variant	26	12
GCG	C	A	0	8.8520e-09	incomplete_terminal_codon_variant	6	4
GCG	C	A	0	8.8520e-09	intergenic_variant	5	2
GCG	C	A	0	8.8520e-09	intron_variant	10900	5492
GCG	C	A	0	8.8520e-09	mature_miRNA_variant	25	14
GCG	C	A	0	8.8520e-09	missense_variant	38743	21876
GCG	C	A	0	8.8520e-09	non_coding_transcript_exon_variant	3065	1564
GCG	C	A	0	8.8520e-09	splice_donor_variant	23	15
GCG	C	A	0	8.8520e-09	splice_region_variant	2585	1330
GCG	C	A	0	8.8520e-09	stop_gained	1299	832
GCG	C	A	0	8.8520e-09	synonymous_variant	21359	11271
GCG	C	A	0	8.8520e-09	upstream_gene_variant	164	71
GCG	C	A	0	8.8520e-09	NA	8	3
GCG	C	G	0	3.9695e-09	3_prime_UTR_variant	771	446
GCG	C	G	0	3.9695e-09	5_prime_UTR_variant	1630	961
GCG	C	G	0	3.9695e-09	downstream_gene_variant	15	9
GCG	C	G	0	3.9695e-09	intergenic_variant	5	4
GCG	C	G	0	3.9695e-09	intron_variant	6055	3425
GCG	C	G	0	3.9695e-09	mature_miRNA_variant	9	2
GCG	C	G	0	3.9695e-09	missense_variant	22578	14184
GCG	C	G	0	3.9695e-09	non_coding_transcript_exon_variant	1852	1000
GCG	C	G	0	3.9695e-09	regulatory_region_variant	1	1
GCG	C	G	0	3.9695e-09	splice_donor_variant	10	8
GCG	C	G	0	3.9695e-09	splice_region_variant	1204	691
GCG	C	G	0	3.9695e-09	synonymous_variant	8053	4603
GCG	C	G	0	3.9695e-09	upstream_gene_variant	102	55
GCG	C	G	0	3.9695e-09	NA	3	2
GCG	C	T	0	1.4846e-08	3_prime_UTR_variant	278	110
GCG	C	T	0	1.4846e-08	5_prime_UTR_variant	3133	1308
GCG	C	T	0	1.4846e-08	downstream_gene_variant	1	0
GCG	C	T	0	1.4846e-08	intron_variant	2767	1185
GCG	C	T	0	1.4846e-08	mature_miRNA_variant	10	6
GCG	C	T	0	1.4846e-08	missense_variant	9925	4688
GCG	C	T	0	1.4846e-08	non_coding_transcript_exon_variant	1131	475
GCG	C	T	0	1.4846e-08	splice_donor_variant	9	4
GCG	C	T	0	1.4846e-08	splice_region_variant	675	273
GCG	C	T	0	1.4846e-08	stop_gained	150	78
GCG	C	T	0	1.4846e-08	synonymous_variant	6086	2685
GCG	C	T	0	1.4846e-08	upstream_gene_variant	123	46
GCG	C	T	0	1.4846e-08	NA	2	1
GCG	C	T	1	7.0178e-08	3_prime_UTR_variant	256	66
GCG	C	T	1	7.0178e-08	5_prime_UTR_variant	355	85
GCG	C	T	1	7.0178e-08	downstream_gene_variant	9	1
GCG	C	T	1	7.0178e-08	intergenic_variant	2	1
GCG	C	T	1	7.0178e-08	intron_variant	1820	391
GCG	C	T	1	7.0178e-08	mature_miRNA_variant	1	0
GCG	C	T	1	7.0178e-08	missense_variant	6235	2070
GCG	C	T	1	7.0178e-08	non_coding_transcript_exon_variant	651	173
GCG	C	T	1	7.0178e-08	splice_acceptor_variant	2	0
GCG	C	T	1	7.0178e-08	splice_donor_variant	6	2
GCG	C	T	1	7.0178e-08	splice_region_variant	425	96
GCG	C	T	1	7.0178e-08	stop_gained	164	55
GCG	C	T	1	7.0178e-08	synonymous_variant	3595	1087
GCG	C	T	1	7.0178e-08	upstream_gene_variant	28	10
GCG	C	T	1	7.0178e-08	NA	3	0
GCG	C	T	2	1.2296e-07	3_prime_UTR_variant	6168	648
GCG	C	T	2	1.2296e-07	5_prime_UTR_variant	2050	256
GCG	C	T	2	1.2296e-07	downstream_gene_variant	86	9
GCG	C	T	2	1.2296e-07	incomplete_terminal_codon_variant	6	2
GCG	C	T	2	1.2296e-07	intergenic_variant	24	1
GCG	C	T	2	1.2296e-07	intron_variant	46067	4396
GCG	C	T	2	1.2296e-07	mature_miRNA_variant	81	17
GCG	C	T	2	1.2296e-07	missense_variant	177817	31036
GCG	C	T	2	1.2296e-07	non_coding_transcript_exon_variant	11869	1303
GCG	C	T	2	1.2296e-07	regulatory_region_variant	5	1
GCG	C	T	2	1.2296e-07	splice_acceptor_variant	3	0
GCG	C	T	2	1.2296e-07	splice_donor_variant	105	17
GCG	C	T	2	1.2296e-07	splice_region_variant	9873	963
GCG	C	T	2	1.2296e-07	stop_gained	6810	2181
GCG	C	T	2	1.2296e-07	synonymous_variant	82145	10063
GCG	C	T	2	1.2296e-07	upstream_gene_variant	298	36
GCG	C	T	2	1.2296e-07	NA	14	1
GCT	C	A	0	2.0008e-09	3_prime_UTR_variant	1445	838
GCT	C	A	0	2.0008e-09	5_prime_UTR_variant	1133	637
GCT	C	A	0	2.0008e-09	coding_sequence_variant	3	1
GCT	C	A	0	2.0008e-09	downstream_gene_variant	39	22
GCT	C	A	0	2.0008e-09	incomplete_terminal_codon_variant	2	0
GCT	C	A	0	2.0008e-09	intergenic_variant	9	6
GCT	C	A	0	2.0008e-09	intron_variant	12409	7225
GCT	C	A	0	2.0008e-09	mature_miRNA_variant	14	10
GCT	C	A	0	2.0008e-09	missense_variant	40140	24941
GCT	C	A	0	2.0008e-09	non_coding_transcript_exon_variant	2795	1645
GCT	C	A	0	2.0008e-09	regulatory_region_variant	3	2
GCT	C	A	0	2.0008e-09	splice_acceptor_variant	686	457
GCT	C	A	0	2.0008e-09	splice_donor_variant	2	2
GCT	C	A	0	2.0008e-09	splice_region_variant	1444	890
GCT	C	A	0	2.0008e-09	stop_gained	571	400
GCT	C	A	0	2.0008e-09	stop_lost	50	29
GCT	C	A	0	2.0008e-09	synonymous_variant	2936	1753
GCT	C	A	0	2.0008e-09	upstream_gene_variant	121	70
GCT	C	A	0	2.0008e-09	NA	4	1
GCT	C	G	0	2.3044e-09	3_prime_UTR_variant	1971	1184
GCT	C	G	0	2.3044e-09	5_prime_UTR_variant	1767	1035
GCT	C	G	0	2.3044e-09	coding_sequence_variant	2	2
GCT	C	G	0	2.3044e-09	downstream_gene_variant	53	28
GCT	C	G	0	2.3044e-09	incomplete_terminal_codon_variant	2	1
GCT	C	G	0	2.3044e-09	intergenic_variant	10	5
GCT	C	G	0	2.3044e-09	intron_variant	16816	10225
GCT	C	G	0	2.3044e-09	mature_miRNA_variant	15	9
GCT	C	G	0	2.3044e-09	missense_variant	55769	34668
GCT	C	G	0	2.3044e-09	non_coding_transcript_exon_variant	4025	2422
GCT	C	G	0	2.3044e-09	regulatory_region_variant	2	0
GCT	C	G	0	2.3044e-09	splice_acceptor_variant	816	577
GCT	C	G	0	2.3044e-09	splice_donor_variant	11	11
GCT	C	G	0	2.3044e-09	splice_region_variant	1937	1175
GCT	C	G	0	2.3044e-09	stop_gained	2	2
GCT	C	G	0	2.3044e-09	stop_lost	70	50
GCT	C	G	0	2.3044e-09	synonymous_variant	3733	2215
GCT	C	G	0	2.3044e-09	upstream_gene_variant	149	79
GCT	C	G	0	2.3044e-09	NA	3	1
GCT	C	T	0	7.7891e-09	3_prime_UTR_variant	5641	3080
GCT	C	T	0	7.7891e-09	5_prime_UTR_variant	4211	2162
GCT	C	T	0	7.7891e-09	coding_sequence_variant	5	1
GCT	C	T	0	7.7891e-09	downstream_gene_variant	106	62
GCT	C	T	0	7.7891e-09	incomplete_terminal_codon_variant	12	7
GCT	C	T	0	7.7891e-09	intergenic_variant	33	11
GCT	C	T	0	7.7891e-09	intron_variant	48223	26029
GCT	C	T	0	7.7891e-09	mature_miRNA_variant	65	29
GCT	C	T	0	7.7891e-09	missense_variant	92854	53529
GCT	C	T	0	7.7891e-09	non_coding_transcript_exon_variant	10967	5882
GCT	C	T	0	7.7891e-09	regulatory_region_variant	6	2
GCT	C	T	0	7.7891e-09	splice_acceptor_variant	1837	1193
GCT	C	T	0	7.7891e-09	splice_donor_variant	30	15
GCT	C	T	0	7.7891e-09	splice_region_variant	7722	4309
GCT	C	T	0	7.7891e-09	stop_retained_variant	133	72
GCT	C	T	0	7.7891e-09	synonymous_variant	86148	47273
GCT	C	T	0	7.7891e-09	upstream_gene_variant	441	193
GCT	C	T	0	7.7891e-09	NA	9	6
TAA	A	C	0	1.3516e-09	3_prime_UTR_variant	960	598
TAA	A	C	0	1.3516e-09	5_prime_UTR_variant	350	215
TAA	A	C	0	1.3516e-09	downstream_gene_variant	21	17
TAA	A	C	0	1.3516e-09	intergenic_variant	1	0
TAA	A	C	0	1.3516e-09	intron_variant	14356	8718
TAA	A	C	0	1.3516e-09	mature_miRNA_variant	5	3
TAA	A	C	0	1.3516e-09	missense_variant	8926	5745
TAA	A	C	0	1.3516e-09	non_coding_transcript_exon_variant	1893	1150
TAA	A	C	0	1.3516e-09	regulatory_region_variant	4	2
TAA	A	C	0	1.3516e-09	splice_acceptor_variant	3	1
TAA	A	C	0	1.3516e-09	splice_donor_variant	1	1
TAA	A	C	0	1.3516e-09	splice_region_variant	2870	1851
TAA	A	C	0	1.3516e-09	stop_gained	1414	1010
TAA	A	C	0	1.3516e-09	stop_lost	331	205
TAA	A	C	0	1.3516e-09	synonymous_variant	3294	2009
TAA	A	C	0	1.3516e-09	upstream_gene_variant	60	35
TAA	A	G	0	4.1342e-09	3_prime_UTR_variant	2609	1482
TAA	A	G	0	4.1342e-09	5_prime_UTR_variant	1124	590
TAA	A	G	0	4.1342e-09	downstream_gene_variant	50	28
TAA	A	G	0	4.1342e-09	incomplete_terminal_codon_variant	1	1
TAA	A	G	0	4.1342e-09	intergenic_variant	12	7
TAA	A	G	0	4.1342e-09	intron_variant	40257	22698
TAA	A	G	0	4.1342e-09	mature_miRNA_variant	14	10
TAA	A	G	0	4.1342e-09	missense_variant	28563	17138
TAA	A	G	0	4.1342e-09	non_coding_transcript_exon_variant	5244	3002
TAA	A	G	0	4.1342e-09	regulatory_region_variant	2	0
TAA	A	G	0	4.1342e-09	splice_acceptor_variant	3	2
TAA	A	G	0	4.1342e-09	splice_donor_variant	3	0
TAA	A	G	0	4.1342e-09	splice_region_variant	14780	8414
TAA	A	G	0	4.1342e-09	stop_lost	230	131
TAA	A	G	0	4.1342e-09	stop_retained_variant	676	388
TAA	A	G	0	4.1342e-09	synonymous_variant	18657	10535
TAA	A	G	0	4.1342e-09	upstream_gene_variant	145	69
TAA	A	G	0	4.1342e-09	NA	4	2
TAA	A	T	0	1.8172e-09	3_prime_UTR_variant	775	448
TAA	A	T	0	1.8172e-09	5_prime_UTR_variant	293	162
TAA	A	T	0	1.8172e-09	downstream_gene_variant	18	8
TAA	A	T	0	1.8172e-09	intergenic_variant	9	6
TAA	A	T	0	1.8172e-09	intron_variant	13183	7077
TAA	A	T	0	1.8172e-09	mature_miRNA_variant	3	2
TAA	A	T	0	1.8172e-09	missense_variant	3851	2479
TAA	A	T	0	1.8172e-09	non_coding_transcript_exon_variant	1616	906
TAA	A	T	0	1.8172e-09	regulatory_region_variant	3	2
TAA	A	T	0	1.8172e-09	splice_donor_variant	2	0
TAA	A	T	0	1.8172e-09	splice_region_variant	2928	1759
TAA	A	T	0	1.8172e-09	stop_gained	2042	1406
TAA	A	T	0	1.8172e-09	stop_lost	198	112
TAA	A	T	0	1.8172e-09	synonymous_variant	3346	2073
TAA	A	T	0	1.8172e-09	upstream_gene_variant	51	29
TAC	A	C	0	1.0244e-09	3_prime_UTR_variant	494	293
TAC	A	C	0	1.0244e-09	5_prime_UTR_variant	261	161
TAC	A	C	0	1.0244e-09	downstream_gene_variant	18	11
TAC	A	C	0	1.0244e-09	incomplete_terminal_codon_variant	3	2
TAC	A	C	0	1.0244e-09	intergenic_variant	4	2
TAC	A	C	0	1.0244e-09	intron_variant	5526	3211
TAC	A	C	0	1.0244e-09	mature_miRNA_variant	8	6
TAC	A	C	0	1.0244e-09	missense_variant	9703	6302
TAC	A	C	0	1.0244e-09	non_coding_transcript_exon_variant	1006	579
TAC	A	C	0	1.0244e-09	splice_donor_variant	1451	1030
TAC	A	C	0	1.0244e-09	splice_region_variant	1201	719
TAC	A	C	0	1.0244e-09	stop_gained	1	1
TAC	A	C	0	1.0244e-09	stop_lost	85	58
TAC	A	C	0	1.0244e-09	synonymous_variant	2041	1181
TAC	A	C	0	1.0244e-09	upstream_gene_variant	42	20
TAC	A	G	0	6.1812e-09	3_prime_UTR_variant	2167	1173
TAC	A	G	0	6.1812e-09	5_prime_UTR_variant	1102	556
TAC	A	G	0	6.1812e-09	downstream_gene_variant	82	46
TAC	A	G	0	6.1812e-09	incomplete_terminal_codon_variant	1	1
TAC	A	G	0	6.1812e-09	intergenic_variant	17	11
TAC	A	G	0	6.1812e-09	intron_variant	26164	14187
TAC	A	G	0	6.1812e-09	mature_miRNA_variant	33	22
TAC	A	G	0	6.1812e-09	missense_variant	49308	28657
TAC	A	G	0	6.1812e-09	non_coding_transcript_exon_variant	4372	2402
TAC	A	G	0	6.1812e-09	regulatory_region_variant	3	2
TAC	A	G	0	6.1812e-09	splice_acceptor_variant	7	6
TAC	A	G	0	6.1812e-09	splice_donor_variant	4509	3056
TAC	A	G	0	6.1812e-09	splice_region_variant	7782	4336
TAC	A	G	0	6.1812e-09	stop_lost	306	173
TAC	A	G	0	6.1812e-09	synonymous_variant	16453	8852
TAC	A	G	0	6.1812e-09	upstream_gene_variant	133	73
TAC	A	G	0	6.1812e-09	NA	5	3
TAC	A	T	0	1.1486e-09	3_prime_UTR_variant	415	256
TAC	A	T	0	1.1486e-09	5_prime_UTR_variant	234	148
TAC	A	T	0	1.1486e-09	downstream_gene_variant	21	12
TAC	A	T	0	1.1486e-09	incomplete_terminal_codon_variant	1	1
TAC	A	T	0	1.1486e-09	intergenic_variant	2	2
TAC	A	T	0	1.1486e-09	intron_variant	5452	3260
TAC	A	T	0	1.1486e-09	mature_miRNA_variant	4	4
TAC	A	T	0	1.1486e-09	missense_variant	10179	6514
TAC	A	T	0	1.1486e-09	non_coding_transcript_exon_variant	954	596
TAC	A	T	0	1.1486e-09	regulatory_region_variant	3	2
TAC	A	T	0	1.1486e-09	splice_acceptor_variant	1	0
TAC	A	T	0	1.1486e-09	splice_donor_variant	1265	917
TAC	A	T	0	1.1486e-09	splice_region_variant	1358	828
TAC	A	T	0	1.1486e-09	stop_gained	220	146
TAC	A	T	0	1.1486e-09	stop_lost	53	38
TAC	A	T	0	1.1486e-09	synonymous_variant	1966	1210
TAC	A	T	0	1.1486e-09	upstream_gene_variant	38	24
TAC	A	T	0	1.1486e-09	NA	1	1
TAG	A	C	0	1.0799e-09	3_prime_UTR_variant	519	310
TAG	A	C	0	1.0799e-09	5_prime_UTR_variant	343	198
TAG	A	C	0	1.0799e-09	coding_sequence_variant	1	1
TAG	A	C	0	1.0799e-09	downstream_gene_variant	10	8
TAG	A	C	0	1.0799e-09	intergenic_variant	7	2
TAG	A	C	0	1.0799e-09	intron_variant	5745	3561
TAG	A	C	0	1.0799e-09	mature_miRNA_variant	2	1
TAG	A	C	0	1.0799e-09	missense_variant	5026	3342
TAG	A	C	0	1.0799e-09	non_coding_transcript_exon_variant	1014	626
TAG	A	C	0	1.0799e-09	regulatory_region_variant	2	1
TAG	A	C	0	1.0799e-09	splice_acceptor_variant	661	486
TAG	A	C	0	1.0799e-09	splice_region_variant	1054	689
TAG	A	C	0	1.0799e-09	stop_lost	223	134
TAG	A	C	0	1.0799e-09	synonymous_variant	5236	3290
TAG	A	C	0	1.0799e-09	upstream_gene_variant	32	19
TAG	A	G	0	5.1781e-09	3_prime_UTR_variant	2118	1201
TAG	A	G	0	5.1781e-09	5_prime_UTR_variant	1341	720
TAG	A	G	0	5.1781e-09	coding_sequence_variant	2	1
TAG	A	G	0	5.1781e-09	downstream_gene_variant	51	25
TAG	A	G	0	5.1781e-09	intergenic_variant	25	12
TAG	A	G	0	5.1781e-09	intron_variant	24312	13568
TAG	A	G	0	5.1781e-09	mature_miRNA_variant	35	22
TAG	A	G	0	5.1781e-09	missense_variant	28255	17361
TAG	A	G	0	5.1781e-09	non_coding_transcript_exon_variant	4115	2354
TAG	A	G	0	5.1781e-09	regulatory_region_variant	2	2
TAG	A	G	0	5.1781e-09	splice_acceptor_variant	3295	2202
TAG	A	G	0	5.1781e-09	splice_donor_variant	2	2
TAG	A	G	0	5.1781e-09	splice_region_variant	6078	3464
TAG	A	G	0	5.1781e-09	stop_lost	883	544
TAG	A	G	0	5.1781e-09	synonymous_variant	21610	12133
TAG	A	G	0	5.1781e-09	upstream_gene_variant	119	66
TAG	A	G	0	5.1781e-09	NA	7	4
TAG	A	T	0	1.0818e-09	3_prime_UTR_variant	431	255
TAG	A	T	0	1.0818e-09	5_prime_UTR_variant	278	160
TAG	A	T	0	1.0818e-09	downstream_gene_variant	19	8
TAG	A	T	0	1.0818e-09	intergenic_variant	3	2
TAG	A	T	0	1.0818e-09	intron_variant	5083	3069
TAG	A	T	0	1.0818e-09	mature_miRNA_variant	5	2
TAG	A	T	0	1.0818e-09	missense_variant	5284	3532
TAG	A	T	0	1.0818e-09	non_coding_transcript_exon_variant	853	521
TAG	A	T	0	1.0818e-09	splice_acceptor_variant	838	530
TAG	A	T	0	1.0818e-09	splice_donor_variant	1	1
TAG	A	T	0	1.0818e-09	splice_region_variant	941	605
TAG	A	T	0	1.0818e-09	stop_gained	160	109
TAG	A	T	0	1.0818e-09	stop_lost	182	127
TAG	A	T	0	1.0818e-09	synonymous_variant	4070	2536
TAG	A	T	0	1.0818e-09	upstream_gene_variant	37	21
TAT	A	C	0	1.1890e-09	3_prime_UTR_variant	705	418
TAT	A	C	0	1.1890e-09	5_prime_UTR_variant	254	144
TAT	A	C	0	1.1890e-09	coding_sequence_variant	1	0
TAT	A	C	0	1.1890e-09	downstream_gene_variant	29	11
TAT	A	C	0	1.1890e-09	intergenic_variant	3	3
TAT	A	C	0	1.1890e-09	intron_variant	9883	5941
TAT	A	C	0	1.1890e-09	mature_miRNA_variant	5	5
TAT	A	C	0	1.1890e-09	missense_variant	12129	7642
TAT	A	C	0	1.1890e-09	non_coding_transcript_exon_variant	1373	781
TAT	A	C	0	1.1890e-09	regulatory_region_variant	3	1
TAT	A	C	0	1.1890e-09	splice_acceptor_variant	3	2
TAT	A	C	0	1.1890e-09	splice_donor_variant	1	1
TAT	A	C	0	1.1890e-09	splice_region_variant	1337	884
TAT	A	C	0	1.1890e-09	start_lost	68	44
TAT	A	C	0	1.1890e-09	stop_gained	315	215
TAT	A	C	0	1.1890e-09	stop_lost	92	54
TAT	A	C	0	1.1890e-09	synonymous_variant	1169	693
TAT	A	C	0	1.1890e-09	upstream_gene_variant	44	28
TAT	A	G	0	1.1196e-08	3_prime_UTR_variant	5324	2490
TAT	A	G	0	1.1196e-08	5_prime_UTR_variant	1670	788
TAT	A	G	0	1.1196e-08	coding_sequence_variant	4	2
TAT	A	G	0	1.1196e-08	downstream_gene_variant	126	62
TAT	A	G	0	1.1196e-08	intergenic_variant	46	21
TAT	A	G	0	1.1196e-08	intron_variant	82463	38817
TAT	A	G	0	1.1196e-08	mature_miRNA_variant	53	35
TAT	A	G	0	1.1196e-08	missense_variant	89329	44010
TAT	A	G	0	1.1196e-08	non_coding_transcript_exon_variant	10566	4927
TAT	A	G	0	1.1196e-08	regulatory_region_variant	9	3
TAT	A	G	0	1.1196e-08	splice_acceptor_variant	12	6
TAT	A	G	0	1.1196e-08	splice_donor_variant	18	11
TAT	A	G	0	1.1196e-08	splice_region_variant	16274	8008
TAT	A	G	0	1.1196e-08	start_lost	678	314
TAT	A	G	0	1.1196e-08	stop_lost	576	317
TAT	A	G	0	1.1196e-08	synonymous_variant	32991	16273
TAT	A	G	0	1.1196e-08	upstream_gene_variant	287	129
TAT	A	G	0	1.1196e-08	NA	6	3
TAT	A	T	0	1.8687e-09	3_prime_UTR_variant	907	533
TAT	A	T	0	1.8687e-09	5_prime_UTR_variant	294	181
TAT	A	T	0	1.8687e-09	downstream_gene_variant	18	12
TAT	A	T	0	1.8687e-09	intergenic_variant	9	8
TAT	A	T	0	1.8687e-09	intron_variant	14425	8298
TAT	A	T	0	1.8687e-09	mature_miRNA_variant	7	3
TAT	A	T	0	1.8687e-09	missense_variant	16527	10424
TAT	A	T	0	1.8687e-09	non_coding_transcript_exon_variant	1810	1072
TAT	A	T	0	1.8687e-09	regulatory_region_variant	2	1
TAT	A	T	0	1.8687e-09	splice_acceptor_variant	2	1
TAT	A	T	0	1.8687e-09	splice_region_variant	2513	1504
TAT	A	T	0	1.8687e-09	start_lost	94	59
TAT	A	T	0	1.8687e-09	stop_gained	439	296
TAT	A	T	0	1.8687e-09	stop_lost	90	61
TAT	A	T	0	1.8687e-09	synonymous_variant	1428	892
TAT	A	T	0	1.8687e-09	upstream_gene_variant	47	28
TAT	A	T	0	1.8687e-09	NA	1	0
TCA	C	A	0	2.3099e-09	3_prime_UTR_variant	1327	754
TCA	C	A	0	2.3099e-09	5_prime_UTR_variant	775	426
TCA	C	A	0	2.3099e-09	coding_sequence_variant	1	0
TCA	C	A	0	2.3099e-09	downstream_gene_variant	41	22
TCA	C	A	0	2.3099e-09	intergenic_variant	16	5
TCA	C	A	0	2.3099e-09	intron_variant	16134	9189
TCA	C	A	0	2.3099e-09	mature_miRNA_variant	11	7
TCA	C	A	0	2.3099e-09	missense_variant	16028	10189
TCA	C	A	0	2.3099e-09	non_coding_transcript_exon_variant	2830	1656
TCA	C	A	0	2.3099e-09	regulatory_region_variant	5	4
TCA	C	A	0	2.3099e-09	splice_acceptor_variant	3	3
TCA	C	A	0	2.3099e-09	splice_region_variant	3481	2174
TCA	C	A	0	2.3099e-09	start_lost	188	116
TCA	C	A	0	2.3099e-09	stop_gained	6075	4269
TCA	C	A	0	2.3099e-09	stop_lost	399	253
TCA	C	A	0	2.3099e-09	synonymous_variant	12224	7298
TCA	C	A	0	2.3099e-09	upstream_gene_variant	118	69
TCA	C	A	0	2.3099e-09	NA	3	2
TCA	C	G	0	2.1414e-09	3_prime_UTR_variant	1922	1125
TCA	C	G	0	2.1414e-09	5_prime_UTR_variant	1079	640
TCA	C	G	0	2.1414e-09	downstream_gene_variant	47	29
TCA	C	G	0	2.1414e-09	intergenic_variant	14	3
TCA	C	G	0	2.1414e-09	intron_variant	20123	12085
TCA	C	G	0	2.1414e-09	mature_miRNA_variant	27	17
TCA	C	G	0	2.1414e-09	missense_variant	34795	21892
TCA	C	G	0	2.1414e-09	non_coding_transcript_exon_variant	3970	2366
TCA	C	G	0	2.1414e-09	regulatory_region_variant	1	0
TCA	C	G	0	2.1414e-09	splice_acceptor_variant	1	1
TCA	C	G	0	2.1414e-09	splice_donor_variant	1	1
TCA	C	G	0	2.1414e-09	splice_region_variant	4205	2694
TCA	C	G	0	2.1414e-09	start_lost	170	103
TCA	C	G	0	2.1414e-09	stop_gained	4255	2960
TCA	C	G	0	2.1414e-09	stop_lost	592	370
TCA	C	G	0	2.1414e-09	synonymous_variant	14544	8615
TCA	C	G	0	2.1414e-09	upstream_gene_variant	136	82
TCA	C	G	0	2.1414e-09	NA	5	3
TCA	C	T	0	5.7989e-09	3_prime_UTR_variant	4642	2591
TCA	C	T	0	5.7989e-09	5_prime_UTR_variant	2680	1435
TCA	C	T	0	5.7989e-09	coding_sequence_variant	1	0
TCA	C	T	0	5.7989e-09	downstream_gene_variant	132	67
TCA	C	T	0	5.7989e-09	incomplete_terminal_codon_variant	5	2
TCA	C	T	0	5.7989e-09	intergenic_variant	22	9
TCA	C	T	0	5.7989e-09	intron_variant	50352	28028
TCA	C	T	0	5.7989e-09	mature_miRNA_variant	51	31
TCA	C	T	0	5.7989e-09	missense_variant	68557	41188
TCA	C	T	0	5.7989e-09	non_coding_transcript_exon_variant	9867	5518
TCA	C	T	0	5.7989e-09	regulatory_region_variant	12	4
TCA	C	T	0	5.7989e-09	splice_acceptor_variant	2	2
TCA	C	T	0	5.7989e-09	splice_donor_variant	3	2
TCA	C	T	0	5.7989e-09	splice_region_variant	17968	9844
TCA	C	T	0	5.7989e-09	start_lost	534	329
TCA	C	T	0	5.7989e-09	stop_gained	6861	4644
TCA	C	T	0	5.7989e-09	stop_retained_variant	1149	636
TCA	C	T	0	5.7989e-09	synonymous_variant	61985	34620
TCA	C	T	0	5.7989e-09	upstream_gene_variant	328	169
TCA	C	T	0	5.7989e-09	NA	7	4
TCC	C	A	0	2.5995e-09	3_prime_UTR_variant	2277	1340
TCC	C	A	0	2.5995e-09	5_prime_UTR_variant	1755	1009
TCC	C	A	0	2.5995e-09	coding_sequence_variant	2	1
TCC	C	A	0	2.5995e-09	downstream_gene_variant	68	26
TCC	C	A	0	2.5995e-09	incomplete_terminal_codon_variant	2	1
TCC	C	A	0	2.5995e-09	intergenic_variant	13	5
TCC	C	A	0	2.5995e-09	intron_variant	21089	12215
TCC	C	A	0	2.5995e-09	mature_miRNA_variant	21	11
TCC	C	A	0	2.5995e-09	missense_variant	38724	24352
TCC	C	A	0	2.5995e-09	non_coding_transcript_exon_variant	4694	2710
TCC	C	A	0	2.5995e-09	regulatory_region_variant	1	1
TCC	C	A	0	2.5995e-09	splice_donor_variant	4	2
TCC	C	A	0	2.5995e-09	splice_region_variant	4045	2440
TCC	C	A	0	2.5995e-09	start_lost	1	1
TCC	C	A	0	2.5995e-09	stop_gained	5653	3917
TCC	C	A	0	2.5995e-09	stop_lost	1	1
TCC	C	A	0	2.5995e-09	synonymous_variant	13252	7803
TCC	C	A	0	2.5995e-09	upstream_gene_variant	152	89
TCC	C	A	0	2.5995e-09	NA	2	1
TCC	C	G	0	2.5440e-09	3_prime_UTR_variant	2645	1595
TCC	C	G	0	2.5440e-09	5_prime_UTR_variant	2148	1247
TCC	C	G	0	2.5440e-09	coding_sequence_variant	1	1
TCC	C	G	0	2.5440e-09	downstream_gene_variant	58	36
TCC	C	G	0	2.5440e-09	incomplete_terminal_codon_variant	1	0
TCC	C	G	0	2.5440e-09	intergenic_variant	20	9
TCC	C	G	0	2.5440e-09	intron_variant	23847	14140
TCC	C	G	0	2.5440e-09	mature_miRNA_variant	24	14
TCC	C	G	0	2.5440e-09	missense_variant	61521	38782
TCC	C	G	0	2.5440e-09	non_coding_transcript_exon_variant	5381	3158
TCC	C	G	0	2.5440e-09	regulatory_region_variant	4	2
TCC	C	G	0	2.5440e-09	splice_acceptor_variant	4	3
TCC	C	G	0	2.5440e-09	splice_donor_variant	1	0
TCC	C	G	0	2.5440e-09	splice_region_variant	4881	2910
TCC	C	G	0	2.5440e-09	start_lost	1	0
TCC	C	G	0	2.5440e-09	stop_lost	1	1
TCC	C	G	0	2.5440e-09	synonymous_variant	11039	6516
TCC	C	G	0	2.5440e-09	upstream_gene_variant	167	79
TCC	C	G	0	2.5440e-09	NA	5	4
TCC	C	T	0	7.6664e-09	3_prime_UTR_variant	6787	3610
TCC	C	T	0	7.6664e-09	5_prime_UTR_variant	4957	2460
TCC	C	T	0	7.6664e-09	coding_sequence_variant	2	0
TCC	C	T	0	7.6664e-09	downstream_gene_variant	163	80
TCC	C	T	0	7.6664e-09	incomplete_terminal_codon_variant	4	2
TCC	C	T	0	7.6664e-09	intergenic_variant	43	16
TCC	C	T	0	7.6664e-09	intron_variant	65626	34747
TCC	C	T	0	7.6664e-09	mature_miRNA_variant	66	32
TCC	C	T	0	7.6664e-09	missense_variant	122744	71808
TCC	C	T	0	7.6664e-09	non_coding_transcript_exon_variant	14648	7700
TCC	C	T	0	7.6664e-09	regulatory_region_variant	10	5
TCC	C	T	0	7.6664e-09	splice_acceptor_variant	4	0
TCC	C	T	0	7.6664e-09	splice_donor_variant	14	10
TCC	C	T	0	7.6664e-09	splice_region_variant	14324	7613
TCC	C	T	0	7.6664e-09	start_lost	1	1
TCC	C	T	0	7.6664e-09	stop_gained	2890	1920
TCC	C	T	0	7.6664e-09	synonymous_variant	55733	29998
TCC	C	T	0	7.6664e-09	upstream_gene_variant	423	186
TCC	C	T	0	7.6664e-09	NA	19	12
TCG	C	A	0	5.1503e-09	3_prime_UTR_variant	659	375
TCG	C	A	0	5.1503e-09	5_prime_UTR_variant	988	522
TCG	C	A	0	5.1503e-09	downstream_gene_variant	18	9
TCG	C	A	0	5.1503e-09	incomplete_terminal_codon_variant	1	0
TCG	C	A	0	5.1503e-09	intergenic_variant	2	1
TCG	C	A	0	5.1503e-09	intron_variant	4739	2632
TCG	C	A	0	5.1503e-09	mature_miRNA_variant	7	7
TCG	C	A	0	5.1503e-09	missense_variant	12880	7965
TCG	C	A	0	5.1503e-09	non_coding_transcript_exon_variant	1443	817
TCG	C	A	0	5.1503e-09	regulatory_region_variant	2	2
TCG	C	A	0	5.1503e-09	splice_region_variant	833	478
TCG	C	A	0	5.1503e-09	stop_gained	4836	3254
TCG	C	A	0	5.1503e-09	synonymous_variant	12130	6877
TCG	C	A	0	5.1503e-09	upstream_gene_variant	61	30
TCG	C	A	0	5.1503e-09	NA	3	1
TCG	C	G	0	5.5213e-09	3_prime_UTR_variant	778	421
TCG	C	G	0	5.5213e-09	5_prime_UTR_variant	1179	593
TCG	C	G	0	5.5213e-09	coding_sequence_variant	1	0
TCG	C	G	0	5.5213e-09	downstream_gene_variant	14	6
TCG	C	G	0	5.5213e-09	intergenic_variant	5	3
TCG	C	G	0	5.5213e-09	intron_variant	5668	3115
TCG	C	G	0	5.5213e-09	mature_miRNA_variant	11	7
TCG	C	G	0	5.5213e-09	missense_variant	31804	19328
TCG	C	G	0	5.5213e-09	non_coding_transcript_exon_variant	1837	988
TCG	C	G	0	5.5213e-09	regulatory_region_variant	1	0
TCG	C	G	0	5.5213e-09	splice_acceptor_variant	2	2
TCG	C	G	0	5.5213e-09	splice_donor_variant	1	1
TCG	C	G	0	5.5213e-09	splice_region_variant	796	451
TCG	C	G	0	5.5213e-09	stop_gained	7	5
TCG	C	G	0	5.5213e-09	synonymous_variant	7101	3863
TCG	C	G	0	5.5213e-09	upstream_gene_variant	65	30
TCG	C	G	0	5.5213e-09	NA	3	1
TCG	C	T	0	1.9329e-08	3_prime_UTR_variant	156	58
TCG	C	T	0	1.9329e-08	5_prime_UTR_variant	1690	733
TCG	C	T	0	1.9329e-08	coding_sequence_variant	1	0
TCG	C	T	0	1.9329e-08	downstream_gene_variant	1	0
TCG	C	T	0	1.9329e-08	intron_variant	1418	600
TCG	C	T	0	1.9329e-08	mature_miRNA_variant	5	3
TCG	C	T	0	1.9329e-08	missense_variant	6272	3154
TCG	C	T	0	1.9329e-08	non_coding_transcript_exon_variant	611	266
TCG	C	T	0	1.9329e-08	splice_acceptor_variant	1	1
TCG	C	T	0	1.9329e-08	splice_region_variant	296	133
TCG	C	T	0	1.9329e-08	stop_gained	74	42
TCG	C	T	0	1.9329e-08	synonymous_variant	3563	1591
TCG	C	T	0	1.9329e-08	upstream_gene_variant	58	23
TCG	C	T	1	7.2389e-08	3_prime_UTR_variant	198	39
TCG	C	T	1	7.2389e-08	5_prime_UTR_variant	307	78
TCG	C	T	1	7.2389e-08	downstream_gene_variant	20	1
TCG	C	T	1	7.2389e-08	intergenic_variant	3	1
TCG	C	T	1	7.2389e-08	intron_variant	1627	346
TCG	C	T	1	7.2389e-08	mature_miRNA_variant	5	3
TCG	C	T	1	7.2389e-08	missense_variant	6010	1846
TCG	C	T	1	7.2389e-08	non_coding_transcript_exon_variant	564	127
TCG	C	T	1	7.2389e-08	regulatory_region_variant	2	1
TCG	C	T	1	7.2389e-08	splice_acceptor_variant	1	1
TCG	C	T	1	7.2389e-08	splice_region_variant	260	59
TCG	C	T	1	7.2389e-08	stop_gained	206	72
TCG	C	T	1	7.2389e-08	synonymous_variant	2957	754
TCG	C	T	1	7.2389e-08	upstream_gene_variant	21	6
TCG	C	T	1	7.2389e-08	NA	4	2
TCG	C	T	2	1.0005e-07	3_prime_UTR_variant	4431	569
TCG	C	T	2	1.0005e-07	5_prime_UTR_variant	1600	264
TCG	C	T	2	1.0005e-07	downstream_gene_variant	77	13
TCG	C	T	2	1.0005e-07	incomplete_terminal_codon_variant	2	0
TCG	C	T	2	1.0005e-07	intergenic_variant	15	2
TCG	C	T	2	1.0005e-07	intron_variant	34241	4244
TCG	C	T	2	1.0005e-07	mature_miRNA_variant	55	15
TCG	C	T	2	1.0005e-07	missense_variant	164237	35805
TCG	C	T	2	1.0005e-07	non_coding_transcript_exon_variant	8910	1304
TCG	C	T	2	1.0005e-07	regulatory_region_variant	8	0
TCG	C	T	2	1.0005e-07	splice_acceptor_variant	2	1
TCG	C	T	2	1.0005e-07	splice_donor_variant	4	0
TCG	C	T	2	1.0005e-07	splice_region_variant	5486	741
TCG	C	T	2	1.0005e-07	stop_gained	7935	2930
TCG	C	T	2	1.0005e-07	synonymous_variant	70814	10137
TCG	C	T	2	1.0005e-07	upstream_gene_variant	221	26
TCG	C	T	2	1.0005e-07	NA	13	6
TCT	C	A	0	2.6557e-09	3_prime_UTR_variant	2002	1151
TCT	C	A	0	2.6557e-09	5_prime_UTR_variant	1131	654
TCT	C	A	0	2.6557e-09	downstream_gene_variant	62	34
TCT	C	A	0	2.6557e-09	incomplete_terminal_codon_variant	2	2
TCT	C	A	0	2.6557e-09	intergenic_variant	18	9
TCT	C	A	0	2.6557e-09	intron_variant	25210	14190
TCT	C	A	0	2.6557e-09	mature_miRNA_variant	16	11
TCT	C	A	0	2.6557e-09	missense_variant	37631	23371
TCT	C	A	0	2.6557e-09	non_coding_transcript_exon_variant	4147	2399
TCT	C	A	0	2.6557e-09	regulatory_region_variant	4	2
TCT	C	A	0	2.6557e-09	splice_acceptor_variant	1040	707
TCT	C	A	0	2.6557e-09	splice_region_variant	3450	2010
TCT	C	A	0	2.6557e-09	stop_gained	4376	3011
TCT	C	A	0	2.6557e-09	stop_lost	51	31
TCT	C	A	0	2.6557e-09	synonymous_variant	5385	3192
TCT	C	A	0	2.6557e-09	upstream_gene_variant	154	84
TCT	C	A	0	2.6557e-09	NA	7	4
TCT	C	G	0	3.5919e-09	3_prime_UTR_variant	3773	2182
TCT	C	G	0	3.5919e-09	5_prime_UTR_variant	2520	1397
TCT	C	G	0	3.5919e-09	coding_sequence_variant	1	1
TCT	C	G	0	3.5919e-09	downstream_gene_variant	93	58
TCT	C	G	0	3.5919e-09	incomplete_terminal_codon_variant	2	1
TCT	C	G	0	3.5919e-09	intergenic_variant	22	9
TCT	C	G	0	3.5919e-09	intron_variant	45688	26417
TCT	C	G	0	3.5919e-09	mature_miRNA_variant	32	21
TCT	C	G	0	3.5919e-09	missense_variant	82422	50801
TCT	C	G	0	3.5919e-09	non_coding_transcript_exon_variant	8236	4781
TCT	C	G	0	3.5919e-09	regulatory_region_variant	10	6
TCT	C	G	0	3.5919e-09	splice_acceptor_variant	1736	1213
TCT	C	G	0	3.5919e-09	splice_region_variant	7044	4166
TCT	C	G	0	3.5919e-09	stop_lost	137	91
TCT	C	G	0	3.5919e-09	synonymous_variant	9499	5440
TCT	C	G	0	3.5919e-09	upstream_gene_variant	288	143
TCT	C	G	0	3.5919e-09	NA	12	8
TCT	C	T	0	5.5597e-09	3_prime_UTR_variant	5538	3037
TCT	C	T	0	5.5597e-09	5_prime_UTR_variant	4036	2085
TCT	C	T	0	5.5597e-09	coding_sequence_variant	1	0
TCT	C	T	0	5.5597e-09	downstream_gene_variant	147	78
TCT	C	T	0	5.5597e-09	incomplete_terminal_codon_variant	12	8
TCT	C	T	0	5.5597e-09	intergenic_variant	43	24
TCT	C	T	0	5.5597e-09	intron_variant	66315	36386
TCT	C	T	0	5.5597e-09	mature_miRNA_variant	61	34
TCT	C	T	0	5.5597e-09	missense_variant	72312	43658
TCT	C	T	0	5.5597e-09	non_coding_transcript_exon_variant	12296	6747
TCT	C	T	0	5.5597e-09	regulatory_region_variant	12	8
TCT	C	T	0	5.5597e-09	splice_acceptor_variant	2230	1513
TCT	C	T	0	5.5597e-09	splice_donor_variant	2	1
TCT	C	T	0	5.5597e-09	splice_region_variant	12182	6635
TCT	C	T	0	5.5597e-09	start_lost	1	1
TCT	C	T	0	5.5597e-09	stop_retained_variant	126	77
TCT	C	T	0	5.5597e-09	synonymous_variant	72882	41177
TCT	C	T	0	5.5597e-09	upstream_gene_variant	397	189
TCT	C	T	0	5.5597e-09	NA	4	3
