context	ref	alt	variant_type	methylation_level	variant_count	singleton_count	mu
AAA	A	C	transversion	0	32396	19324	1.8303e-09
AAA	A	G	non-CpG transition	0	55582	31717	3.0288e-09
AAA	A	T	transversion	0	16521	10130	1.0670e-09
AAC	A	C	transversion	0	9769	5646	1.3911e-09
AAC	A	G	non-CpG transition	0	32611	17885	5.2457e-09
AAC	A	T	transversion	0	8294	4953	1.3560e-09
AAG	A	C	transversion	0	18434	11208	1.4983e-09
AAG	A	G	non-CpG transition	0	40803	23493	3.9291e-09
AAG	A	T	transversion	0	10030	6102	9.4450e-10
AAT	A	C	transversion	0	13737	8387	1.2703e-09
AAT	A	G	non-CpG transition	0	73424	36408	7.7544e-09
AAT	A	T	transversion	0	13731	7917	1.5138e-09
ACA	C	A	transversion	0	26911	14806	2.9409e-09
ACA	C	G	transversion	0	25157	14737	2.3710e-09
ACA	C	T	non-CpG transition	0	86140	46112	9.3201e-09
ACC	C	A	transversion	0	29576	15986	5.7034e-09
ACC	C	G	transversion	0	15067	9012	2.4639e-09
ACC	C	T	non-CpG transition	0	55699	29016	9.9720e-09
ACG	C	A	transversion	0	8805	4799	6.6879e-09
ACG	C	G	transversion	0	7185	3977	4.9426e-09
ACG	C	T	CpG	0	1498	561	2.6612e-08
ACG	C	T	CpG	1	3060	391	1.0750e-07
ACG	C	T	CpG	2	51017	3738	1.4169e-07
ACT	C	A	transversion	0	13256	7761	2.0967e-09
ACT	C	G	transversion	0	21815	12994	3.0337e-09
ACT	C	T	non-CpG transition	0	52805	28647	7.9566e-09
CAA	A	C	transversion	0	16305	9698	1.9615e-09
CAA	A	G	non-CpG transition	0	31977	18041	3.8238e-09
CAA	A	T	transversion	0	7210	4488	9.1862e-10
CAC	A	C	transversion	0	15233	8649	1.8485e-09
CAC	A	G	non-CpG transition	0	37105	20915	5.0796e-09
CAC	A	T	transversion	0	9849	5872	1.4118e-09
CAG	A	C	transversion	0	18587	11464	1.6210e-09
CAG	A	G	non-CpG transition	0	56138	31299	5.2348e-09
CAG	A	T	transversion	0	11830	7367	1.1632e-09
CAT	A	C	transversion	0	16866	10242	2.0022e-09
CAT	A	G	non-CpG transition	0	87802	43244	1.1275e-08
CAT	A	T	transversion	0	18030	10835	2.3466e-09
CCA	C	A	transversion	0	16899	9109	2.1462e-09
CCA	C	G	transversion	0	18605	10712	1.7760e-09
CCA	C	T	non-CpG transition	0	60604	33382	6.7244e-09
CCC	C	A	transversion	0	29614	16071	3.0275e-09
CCC	C	G	transversion	0	35041	19500	3.2054e-09
CCC	C	T	non-CpG transition	0	91401	48417	8.5724e-09
CCG	C	A	transversion	0	9052	4699	5.1901e-09
CCG	C	G	transversion	0	12041	6531	5.3627e-09
CCG	C	T	CpG	0	4201	1756	2.0993e-08
CCG	C	T	CpG	1	3340	653	8.2387e-08
CCG	C	T	CpG	2	64399	5540	1.2483e-07
CCT	C	A	transversion	0	15251	8766	1.7092e-09
CCT	C	G	transversion	0	33249	19518	2.6842e-09
CCT	C	T	non-CpG transition	0	80830	43601	8.1422e-09
GAA	A	C	transversion	0	13672	8208	1.2103e-09
GAA	A	G	non-CpG transition	0	30571	17233	3.0181e-09
GAA	A	T	transversion	0	9693	6035	9.4166e-10
GAC	A	C	transversion	0	6067	3661	1.0495e-09
GAC	A	G	non-CpG transition	0	19248	11189	4.2353e-09
GAC	A	T	transversion	0	8792	5371	1.8684e-09
GAG	A	C	transversion	0	12519	7615	1.2532e-09
GAG	A	G	non-CpG transition	0	31558	18421	3.1245e-09
GAG	A	T	transversion	0	10706	6613	1.1340e-09
GAT	A	C	transversion	0	6111	3721	1.0943e-09
GAT	A	G	non-CpG transition	0	28868	16071	5.3443e-09
GAT	A	T	transversion	0	14634	8610	2.9242e-09
GCA	C	A	transversion	0	18974	10669	3.3394e-09
GCA	C	G	transversion	0	13363	7971	1.6675e-09
GCA	C	T	non-CpG transition	0	47069	25621	6.8845e-09
GCC	C	A	transversion	0	25872	14414	3.7538e-09
GCC	C	G	transversion	0	16943	9805	2.2808e-09
GCC	C	T	non-CpG transition	0	57660	29851	8.6359e-09
GCG	C	A	transversion	0	10900	5492	8.8520e-09
GCG	C	G	transversion	0	6055	3425	3.9695e-09
GCG	C	T	CpG	0	2767	1185	1.4846e-08
GCG	C	T	CpG	1	1820	391	7.0178e-08
GCG	C	T	CpG	2	46067	4396	1.2296e-07
GCT	C	A	transversion	0	12409	7225	2.0008e-09
GCT	C	G	transversion	0	16816	10225	2.3044e-09
GCT	C	T	non-CpG transition	0	48223	26029	7.7891e-09
TAA	A	C	transversion	0	14356	8718	1.3516e-09
TAA	A	G	non-CpG transition	0	40257	22698	4.1342e-09
TAA	A	T	transversion	0	13183	7077	1.8172e-09
TAC	A	C	transversion	0	5526	3211	1.0244e-09
TAC	A	G	non-CpG transition	0	26164	14187	6.1812e-09
TAC	A	T	transversion	0	5452	3260	1.1486e-09
TAG	A	C	transversion	0	5745	3561	1.0799e-09
TAG	A	G	non-CpG transition	0	24312	13568	5.1781e-09
TAG	A	T	transversion	0	5083	3069	1.0818e-09
TAT	A	C	transversion	0	9883	5941	1.1890e-09
TAT	A	G	non-CpG transition	0	82463	38817	1.1196e-08
TAT	A	T	transversion	0	14425	8298	1.8687e-09
TCA	C	A	transversion	0	16134	9189	2.3099e-09
TCA	C	G	transversion	0	20123	12085	2.1414e-09
TCA	C	T	non-CpG transition	0	50352	28028	5.7989e-09
TCC	C	A	transversion	0	21089	12215	2.5995e-09
TCC	C	G	transversion	0	23847	14140	2.5440e-09
TCC	C	T	non-CpG transition	0	65626	34747	7.6664e-09
TCG	C	A	transversion	0	4739	2632	5.1503e-09
TCG	C	G	transversion	0	5668	3115	5.5213e-09
TCG	C	T	CpG	0	1418	600	1.9329e-08
TCG	C	T	CpG	1	1627	346	7.2389e-08
TCG	C	T	CpG	2	34241	4244	1.0005e-07
TCT	C	A	transversion	0	25210	14190	2.6557e-09
TCT	C	G	transversion	0	45688	26417	3.5919e-09
TCT	C	T	non-CpG transition	0	66315	36386	5.5597e-09
